offer_id,brand,title,description,price,currency,cluster_id,true_catalog_id
85137108,,GARMIN Fenix 5x Plus Outdooruhr Sportarmbandsur,"RISES UP TO EVERY CHALLENGE Diverse multi-sports features and everyday features are what makes the fenix 5 Plus watches by Garmin the perfect tool for ambitious endurance athletes, highly motivated fitness enthusiasts or style-conscious managers. New functions like integrated music, Garmin Pay? and ",7834.00,SEK,1138411,7218865
48406238,Cooler Master,Cooler Master Corsair ML120 PRO LED Red 120mm Fan CO-9050042-WW,,44.99,CAD,971833,17212553
35165067,,海盗船 Carbide 175R RGB ATX Tempered Glass Case. Two Years Warranty,,149.00,AUD,643961,18787691
20370090,,Shimano J04C Sintered Brake Pads with Fins,"Shimano J04C Sintered Brake Pads with FinsAlloy and Steel back plate using Ice-Tec heat radiation cooling fins with metal sintered brake pad. These pads will give you consistant stopping power and feel even on the longest descents!Key Features:Will fit XTR, XT, SLX & Alfine disc brakes.Pair of genui",31.99,GBP,2507918,54933824
4493835,RAM MOUNTS,"RAM® Torque™ 1 1/8\"" - 1 1/2\"" Diameter Handlebar/Rail Base with C Size 1.5\"" Ball - RAM-408-112-15U",Description Specs & Features Instructions CompatibleWithThe RAM®Torque™handlebar and rail mounting base has a 1.5” rubber ball and accommodates bars 1 1/8” to 1 1/2” in diameter. Sizing inserts are included to provide a snug fit and protection of the rail. The mount utilizes nylon-insert locknuts to,21.99,USD,279895,28556391
34868774,,Audemars Piguet Royal Oak Offshore Chronograph 42mm,Audemars Piguet Royal Oak Offshore Chronograph 42mm,34800,USD,67840743,23249222
37707111,,Crucial 8GB DDR3 1600MHz SO-DIMM,"Go Faster and FurtherGo faster and further with a notebook or netbook memory upgrade from Crucial. We've got quality SODIMM memory for mobile systems. And because a memory upgrade is one of the easiest,most affordable ways to improve system performance,it's the ideal solution for on the go users. If",9.36E2,ZAR,1392047,66752788
63396450,3M,Privacy filter 23 Wide - Flex,,595,GBP,654362,65942456
11912295,Western Digital,Western Digital Blue 3D internal solid state drive M.2 250 GB,"250 GB, SATA 6Gb/s, M.2 2280, SSD",40.79,EUR,3065693,89829635
7066688,Kingston,Kingston DataTraveler G4 16 GB USB-stick,,7.99,EUR,1915191,2353834
42864051,,CS-M8000 CASSETTE 11-40 XT11-SPEED,,217.0,NZD,328225,26740796
85554698,,RAM Short Composite Clamp Arm B Size (RAP-B-201U-A),"Included:1 x RAM Short Composite Clamp Arm B Size (RAP-B-201U-A)The RAP-B-201U-Ashort length (6cm) plastic double socket arm features a socket at both endssuitable for B Size (1\"") balls. RAM's socket technology allows for almost infinite adjustment to achieve the perfect viewing angle.Specification",16.25,AUD,3656260,68284224
75599056,Elixir,"Elixir Nanoweb Coated Acoustic Guitar String Set, Phosphor Bronze, .010-.047","Looking for the feel of traditional guitar strings, but tired of ones that die out after one gig? Elixir introduces Acoustic Phosphor Bronze Guitar Strings with ultra-thin Nanoweb coating. Nanoweb gives your strings longer life, while recreating the bright tone and punch of non-coated strings. Guara",17.99,GBP,2603630,26099517
23220008,,Samsung 970 EVO Plus Series 500GB PCIe NVMe-M.2 Internal SSD,Samsung 970 EVO Plus Series 500GB PCIe NVMe-M.2 Internal SSD,205.99,CAD,416703,60131715
54954273,Fujifilm,Fujifilm Instax Square Film for SQ10 Hybrid Cameras 20 Shot Pack,"EXTRA VALUE 2x 10 Shot Packs (giving you 20 shots in total). FRESH UK STOCKS AND LONG DATED. Fujifilm Instax \""SQUARE\"" film is for use in only square format instant print cameras such as the new SQ10, SQ6 cameras...Note: Not for use in Fuji Instax \""Mini\"" Cameras. This film offers stunning instant",,,1457721,54697856
82699948,Shimano,Shimano CLEATS SHIMANO SPD SL SM-SH10,,19.99,EUR,431550,26060342
28679400,,APPLE - AirPods (2019) white DE,Apple AirPods (2019) white,,,767259,60359264
3855078,,Manfrotto MHXPRO-2W 2-Way Pan/Tilt Head,"TheManfrotto MHXPRO-2Wis a standard 2-way pan/tilt head with the added feature of dual fluidity levels. You can choose between hard and soft fluidity when tilting your camera or scope. Hard fluidity will provide a slower tilt movement, while soft fluidity allows you to more quickly reposition your g",$199.99,,255513,78303938
71785258,,watch only time man Tissot T-Sport T1204071104101,"Tissot Men's Time Only Watch From the T-Sport Collection of the Seastar 1000 Line. Watch Name: Tissot Seastar 1000 Powermatic 80 Silicium. Clock With 316L Steel Case Of Round Shape Of Size 43Mm With Thickness Of 12.7Mm And Distance Between The Lugs Of 21Mm. Case With Ceramic Bezel, Anti Rotation Bez",830.00,EUR,3457955,43618856
43630137,,"Jabra BIZ 2400 II Mono 3-1 - Mic. 82 NC, Wideband",,362.50,AUD,5673093,19751845
1021564,,UniFi Video Camera G3-MICRO,"Full HD (1080p) indoor camera with compact form factor, 30 FPS, and dual-band support.",265.00,CAD,591042,16691545
47734597,Logitech,Logitech G402 muis USB Type-A Optisch 4000 DPI,Logitech Gaming Mouse G402 Hyperion Fury,42.37,EUR,514979,3777655
57778897,,Crucial MX500 - solid state drive - 500 GB - SATA 6Gbs,Crucial MX500 500GB Solid State Drive,,,1282167,22821574
79475479,,Hikvision 32-Channel 1080P HD-TVI Turbo DVR - DS-7332HQHI-K4,DescriptionSupport H.265 Pro+/H.265 Pro/H.265 Video CompressionSupport HDTVI/AHD/CVI/CVBS/IP Video InputMaximum 40/48 IP Cameras Input (Up To 6 MP)Maximum 800m For 1080p And 1200m For 720p HDTVI Signal TransmissionUp To 10 TB Capacity Per HDDWarranty3 YearsFULL SPEC SHEET - CLICK HERE,1.3701E4,ZAR,3034024,67725254
66658369,,"4GB DDR3L 1600 MT/s (PC3L-12800) CL11 Crucial Unbuffered UDIMM 240pin 1,35V/1,5V Single Ranked CT51264BD160BJ",,26.66,EUR,2395112,70265673
1773920,,Johnnie Walker Blue Label - > 25 J. - 40%,,154.99,EUR,56750,53299737
45843588,,"Intel Core i3-7100 processore 3,9 GHz Scatola 3 MB Smart Cache","Core i3-7100 Processor (3M Cache, 3.90 GHz)",144.94,EUR,443612,22154247
55550979,,OKI C831/841 blátt dufthylki 10K,"Nánari lýsing frá framleiðanda:Barcode: 5031713053811Compatible Brand: OkiCompatible Printer(s): C831/C841 A3 Colour PrintersEC Commodity Code: 84439990Form Factor: CartridgeModel Name: 44844507Product Type: Toner CartridgeToner Colour(s): CyanTotal: 1Yield: 10,000OKI Toner Cartridge for C831/C841 A",60566,ISK,796023,48093720
89757103,,SAMSUNG 2TB T5 PORTABLE SSD (MU-PA2T0B/WW)-WRTY W/EA,Warranty : 3 Years with Local Distributor - Eternal Asia,888.00,SGD,932319,41453265
79212529,,"Razer Basilisk V2 20,000 DPI Optical Mouse — Black","Screw what others say—champion your own style of play with the Razer Basilisk V2. Tweak, toggle and tune your performance with this highly customizable gaming mouse, to create your very own brand of dominance that’ll leave a mark on the battlefield.FeaturesRazer Speedflex Cable: The Razer Basilisk V",69.99,GBP,844661,9138065
78194247,,Jabra Evolve 20 Duo UC USB Headset,Jabra Evolve 20 Duo UC USB Headset,39.34,GBP,182172,29319775
95208450,ASUS,"ASUS GeForce RTX 2080S DUAL EVO OC HDMI, 3x DisplayPort",,7.8861E2,EUR,3154731,43227294
41112890,Fujifilm,Fujifilm FUJINON XF56mm F1.2 R APD,,1279.01,EUR,32010,30151389
73554318,,"Cartus cerneala Epson 79XL magenta, singlepack DURABrite ultra ink, capacitate (17ml) - 2000 pagini","Cartus cerneala Epson 79XL magenta, singlepack DURABrite ultra ink, capacitate (17ml) - 2000 pagini",163.8655,RON,2618454,58023892
68752525,,"Battery replacement kit for BE550G-RS, BR550GI, BR650CI-RS (APCRBC110)",,2650,RUB,1157842,22150807
63606019,,AMD RYZEN 5 1500X Quad-Core Processor,,$‎179.95,USD,2442999,85021449
23981399,,"Cartus cerneala Epson T8651, capacitate 10000 pagini","Cartus cerneala Epson T8651, capacitate 10000 pagini, pentru Workforce WP-M5190DW, Workforce M5690DWF",550.4202,RON,193507,47959304
9999780,Sandisk,SanDisk Extreme PRO CZ880 128GB 256GB 420MB/s USB 3.1 Solid State Flash Drive (128GB),Solid state performance in a USB 3.1 flash drive1Read speeds of up to 420MB/s; write speeds of up to 380MB/s1Sophisticated design with durable aluminium metal casingPassword protection and 128-bit AES file encryption software4RescuePRO® Deluxe data recovery download5Technical DetailsCapacities: 128G,288.0,MYR,79238,71230707
77502844,,"Western Digital HDD USB3 1TB EXT. 2.5""/RED",,6.55E1,EUR,2807367,35792541
1959777,edelkrone,Manfrotto 502AH Pro Video Head with Flat Base,Video-Tripod head with fluid system for pan & tilt axis for edelkrone Sliders. Leveling adjustment for precise alignment. Supports 8.8 lb.,200.0,EUR,287852,9907839
55675271,LOGITECH,Logitech C920 15MP 1920 x 1080pixels USB 2.0 Noir webcam,"Logitech C920, 15 MP, 1920 x 1080 pixels, 720p,1080p, H.264, Windows 10,Windows 10 Education,Windows 10 Education x64,Windows 10 Enterprise,Windows 10 Enterprise, Mac OS X 10.10 Yosemite,Mac OS X 10.11 El Capitan,Mac OS X 10.12 Sierra,Mac OS X 10.6 Snow Leopard,M",,,236410,80792673
42522284,,Storage Kingston Micro Duo USB3.0 16GB,System Specific,7.50,EUR,70963,19499147
51634034,HP,652589-B21-R 900GB 6G SAS 10K 2.5in SC ENT HDD,,"197,03 €",EUR,603762,25537521
22806137,Logitech,Logitech BRIO webcam 4096 x 2160 pixels USB 3.2 Gen 1 (3.1 Gen 1) Noir,"Logitech BRIO, 4096 x 2160 pixels, 90 ips, 1280x720@30fps,1280x720@60fps,1920x1080@30fps,1920x1080@60fps, 720p,1080p,2160p, 5x, 90°",291.07,EUR,182432,13845553
14954745,Shimano,Shimano CN-HG701-11 Bicycle Chain,"CHROMIZING TREATMENT ON PINX,-SERIESDeore XTTYPEHG-X11,-GENERATIONXT/Ultegra HG701-11PIN LINK PLATESIL-TEC,-SPEEDS11,-AVERAGE WEIGHT257g,-ROLLER LINK PLATESIL-TEC,-E-BIKE APPROVEDX,-",39.99,USD,483370,7309472
69981383,,DLINK - DGS-1210-28P - 28 Port Gigabit Smart Managed POE Switch,Cost-efficient and ﬂexible solution for expanding any business network.24 x 10/100/1000BASE-T PoE ports4 x Gigabit RJ45/SFP Combo portsAdvanced L2 switching and security featuresL2+ Static RoutingOptional “standard mode” or “surveillance mode” management user interface193 W PoE budget,40425,INR,56526,26855298
8122688,,Sigma 105mm f1.4 DG HSM ART lens for Canon EOS,,1229.00,,2161920,5089485
78827999,Kingston,Kingston Technology DataTraveler 100 G3 USB flash drive 256 GB USB Type-A 3.2 Gen 1 (3.1 Gen 1) Zwart,DataTraveler 100 G3 256GB,38.43,EUR,1090670,64928819
53937881,,Gigabyte Radeon RX 5500 XT OC 4G,"Grafikkort, PCI-Express 4.0, 4GB GDDR6, Navi",2299.00,SEK,1857431,47385841
24547754,,AAA Replica Tag Heuer Formula 1 Automatic 43mm Mens Watch WAZ2011.BA0842,AAA Replica Tag Heuer Formula 1 Automatic 43mm Mens Watch WAZ2011.BA0842 for sale from China with good prices.,,,2628369,6563464
25360513,Corsair,Corsair ML140 Pro LED 140mm Premium Mag-Lev Fan Red,Corsair ML140 Pro LED 140mm Premium Mag-Lev Fan Red – PC Case Gear – Australia’s Premier Online PC Store.,39,AUD,387671,53125631
5700486,,"Epson T6164 Patron Yellow 3,5K (Eredeti)",B300/B500DN3/5k,18514,,295197,75251439
37805233,,USB 3.0 FLASH DRIVE 32GB SANDISK,,12.99,EUR,292826,18451047
76549610,Fujifilm,Fujifilm XF 8-16mm F2.8 R LM WR schwarz,,1879.00,EUR,37091,80918812
27540308,,3M - PF27.0W9 PRIVACY FILTER BLACK,3M PF27.0W9 PRIVACY FILTER BLACK (98044054363) - Typ: Skärmskydd,2376.25,SEK,2996705,11096579
63744711,,Obudowa Corsair Carbide 275R White Tempered Glass (CC-9011133-WW),,339.00,PLN,717069,78241304
78190984,Brother,Brother HL-L5200DW Business Laser Printer with Wireless Networking and Duplex Printing - HL-L5200DW,"The Brother HL-L5200DW monochrome laser printer is perfect for offices and small workgroups looking for quality and reliability. It delivers cost-efficient, two-sided output thanks to a high-yield replacement toner cartridge. Plus, it quickly prints high-quality business documents up to 42ppm. Use t",275.98,USD,4560116,88715660
26095201,,CORSAIR CRYSTAL 680X RGB TG WHITE,Boitier gamer format ATX,,,28019,17553753
75035049,Maxxis,"Maxxis Maxxis Aggressor Tire: 29 x 2.30\"", Folding, 60tpi, Dual Compound, EXO, Tubeless Ready, Black",,66.00,USD,2224600,78116281
64769259,,Сървър HEWLETT PACKARD HP 300GB 6G SAS 15K rpm SFF (2.5-inch) SC Enterprise 3yr Warranty Hard Drive,Сървър HEWLETT PACKARD HP 300GB 6G SAS 15K rpm SFF (2.5-inch) SC Enterprise 3yr Warranty Hard Drive,606.90,BGN,199460,46088087
47933104,Maxxis,"Maxxis Maxxis, High Roller II, 27.5x2.40, Folding, 3C Maxx Terra, Tubeless Ready, EXO, 60TPI, 60PSI, Black",,84.00,USD,1631327,3954683
45437496,,Webcam Logitech HD Webcam C310 960-001065,"Webcam Logitech HD Webcam C310 960-001065Artikelnummer:16159EAN:5099206064225MPN:960-001065Warennummer:85258019Logitech WEBCAM 960-001065 HD Webcam C310 USB / 5 MP, 1280x720 / RightLight and RightSound / Clip for Notebook, Display / 1-click FacebookÙ and YouTube® uploading Retail",101.86,EUR,301204,67422473
86650421,Ubiquiti Networks (UBNT),Ubiquiti UniFi Video Camera G3 Bullet (3 Pack),Ubiquiti UniFi Video Camera G3 Bullet (3 Pack),491.51,GBP,64482,63542010
19218126,,Pokemon: Sword & Shield 3: Darkness Ablaze: Elite Trainer Box,"Darkness Ablaze is the third wave of Pokemon Sword & Shield Trading Card series.The Pokemon Darkness Ablaze Elite Trainer Box is perfect for experienced and new players and collectors of the Pokemon TCG as it contains lots of information on gameplay, new game mechanics as well as lots of booster pac",4.25E1,GBP,2619685,20813006
78253269,,Ladies Daniel Wellington Sheffield Rose 36mm Watch DW00100036,Daniel Wellington Sheffield Rose 36mm DW00100036 is an incredible attractive Ladies watch. Material of the case is PVD rose plating and the Cream dial gives the watch that unique look. 30 metres water resistancy will protect the watch and allows it to be worn in scenarios where it is likely to be sp,149.00,GBP,48610,24366661
55296525,Samsung,"Samsung LH46UHFCLBB/EN 46"" Full HD LED Large Format Display","Product InformationCreate amazing, cost-effective video walls to make your message stand out. The UH46F5 features a slim depth of just 1.9in for a lightweight, elegant design. The non-glare panel offers improved visibility and it's built for 24/7 runtime. Plus, you can achieve 4K UHD resolution when",1138.97,GBP,1312939,17631479
26844226,,WS-C2960X-24PD-L - 24 Port Switch,Cisco Catalyst 2960-X 24 Port 370W PoE LAN Base Ethernet Switch,1364.00,USD,1412234,74983296
71614858,Maxxis,"Maxxis Maxxis High Roller II Tire - 29 x 2.5, Tubeless, Folding, Black, 3C Maxx Terra, DD, Wide Trail",The High Roller II has an open and aggressive tread design for excellent soil penetration and mud clearing ability. Modified knobs on the shoulder and center im,90.00,USD,1702430,17236806
4251312,,"3M - Privacy Filter19\"" LCD/Notebook","3M Privacy Filter19\"" LCD/ Notebook (PF190C4B) - Type: Annet Tilbehør",1566.00,NOK,125058,1446199
55395351,,Elixir Strings Nanoweb 80/20 Acoustic Guitar 12-Strings .010-.047 Extra Light,"ElixirAcoustic 80/20 Bronze for 12-String guitars with NANOWEB Coating deliver a bright, lively tone together with extended tone life that players have come to expect from Elixir Strings. (-.010 -.47)",1.399E1,USD,50573,34986650
26149785,,SEIKO PRESAGE AUTOMATIC ZEN GARDEN - SRPD41J1,"Back in 2010, a Seiko mechanical watch inspired by the glamour of the cocktail bar and designed especially for the Japanese market started to attract attention on the world's watch blogs, forums, and websites. In the months and years that followed, the watch became famous, and it has come to be cove","1,589.00",MYR,143712,33088663
94500875,,Hydro Flask - 32 oz Wide Mouth,"Big enough for a whole day on the river or trails, the Hydro Flask 32 oz Wide Mouth Bottle is made with professional-grade stainless steel and a wider opening for faster fill. We couldn’t think of a bottle more deserving of a refresh, so Hydro Flask elevated the silhouette and simplified design with",4.495E1,USD,36023,30567166
52341668,Traveler's Company,Traveler's Company 012. SKETCHING PAPER (48 PG) MIDORI TRAVELER'S NOTEBOOK,,4.50,GBP,4249975,78438382
41697042,,"Cooler Master MasterBox TD500 Mesh ARGB Black ATX Case, Tempered Glass Side Window, NO PSU, 2x USB 3.2 Gen1, HD Audio, 3x 120mm ARGB Fan pre-installed, RGB Controller / Splitter Cable included, Polygonal Mesh Front Panel","Cooler Master MasterBox TD500 Mesh ARGB Black ATX Case, Tempered Glass Side Window, NO PSU, 2x USB 3.2 Gen1, HD Audio, 3x 120mm ARGB Fan pre-installed, RGB Controller / Splitter Cable included, Polygonal Mesh Front Panel",149.00,AUD,1497038,9632109
5624480,,Lacie 5TB Mobile Drive USB-C Moon Silver,,184.204801,EUR,500837,35350872
24349826,,Zotac Vga Gaming Rtx 2060 Super Amp 8Gb Gddr6,,540.50,,3100816,43979051
69674916,TAG Heuer,TAG Heuer Tag Monaco with Heuer Calibre 02 (newest model listed at $6800),Reference number CBL2111.FC6453 Steel Automatic Year 2020 Watch with original box Watch with original papers 39mm,5400,USD,2454132,28672534
42030416,,"LaCie Rugged IP54 2TB 2.5\"" HDD Thunderbolt3 & /USB3.1 Type C w/integrated cable",,209,EUR,114602,14035013
54112792,Logitech,Logitech C270 webcam 3 MP 1280 x 720 Pixels USB 2.0 Zwart,"HD Webcam C270, 3 MP, 1280 x 720, USB 2.0, Fluid Crystal",52.04,EUR,79254,20044617
52495504,,Audio-Technica Consumer ATH-PRO7X Professional On-Ear DJ Monitor Headphones,"High-Fidelity Audio Reproduction for DJs45mm Large-Aperture DriversSleek, Minimalist, On-Ear DesignSoft, Comfortable Earpads",799,AED,249337,47121877
32345346,,SanDisk SSD PLUS 120GB SSD,"RELIABLE, FAST AND PLENTY OF CAPACITYSanDisk, a pioneer in solid state storage technologies and the brand pros trust, delivers improved speed and performance with the SanDisk SSD Plus. With sequential read speeds of up to 535MB/s, this solid state drive performs up to 20X faster than a typical hard ",469.0,ZAR,327381,26567011
61898346,,Epson T6923 Patron Magenta 110ml(Eredeti),SureColor SC-T3000/SC-T3200/SC-T5000/SC-T5200/SC-T7000/SC-T7200,21750,,126198,28956719
41493099,EPSON,Cartouche d'encre Epson Epson cartouche wf-8xxx - noir xl,Cartouche d'encre Epson Epson cartouche wf-8xxx - noir xl,79.79,EUR,3543965,42544495
37471512,LaCie,"LaCie 2TB USB 3.1 Type-C Mobile Drive, Moon Silver",,409.0,AED,137764,95558103
51855709,,"Western Digital Dysk MY PASSPORT 1TB 2,5 black WDBYVG0010BBK-WESN",,317.99,PLN,283756,50944297
64192522,Fujifilm,Fujifilm XF 56mm f/1.2 R Prime Lens (R2500 Cashback with Fujifilm),Fujifilm X-Mount85mm (35mm Equivalent)Aperture Range: f/1.2 to f/16One Double-Sided Aspherical ElementTwo Extra-Low Dispersion ElementsHT-EBC Multi-Layer Lens CoatingAdditional Coating on Front ElementHigh Speed AF & Inner Focusing MechanismSeven-Blade Rounded Diaphragm,15495,ZAR,565142,88950114
82148801,,Kingston microSDHC Canvas Select 32GB 80R/10W Class 10 UHS-I,,3.29E1,PLN,595102,7916004
37261757,,"Kingston Canvas Select Plus 32GB SDHC Card 100MB/s, V30","Canvas Select Plus SD Capture cinematic Full HD and 4K UHD videos Kingston’s Canvas Select Plus SD card is designed with exceptional performance, speed and durability for heavy workloads such as transferring and developing high-resolution photos or capturing and editing full HD videos. It can reach ",6.69,GBP,1980656,80240194
24856378,XPG,"XPG SX6000 Lite M.2 2280 1TB PCI-Express 3.0 x4, NVMe 1.3 3D NAND Internal Solid State Drive (SSD) ASX6000LNP-1TT-C","XPG SX6000 Lite M.2 2280 1TB PCI-Express 3.0 x4, NVMe 1.3 3D NAND Internal Solid State Drive (SSD) ASX6000LNP-1TT-C",104.99,USD,89058,77791574
55921005,,ACCESS POINT DE ESCRITORIO TP-LINK/N450/3 ANT/5dBi//TL-WA901ND,TP-LINK/N450/3 ANT/5dBi/,816.5,MXN,877442,86407819
70863968,Apple,Apple APPLE AIRPODS PRO (2019),APPLE AIRPODS PRO (2019),249.00,USD,1563974,37083729
88973966,Evans,Evans EC2 Clear 14 Inch Drum Head Skin Level 360,,36.00,AUD,949458,21012462
35452993,,"UVC-G3-FLEX-3Ubiquiti UniFi Video Camera, G3, Flex 3 pack",,26.27,KES,266703,67415262
45366053,,GARMIN FENIX 5S Sapphire - Black with Black Band,"GARMIN FENIX 5S Sapphire - Black with Black Band Striking Design, Strong Performance...Athletes and adventurers come in all sizes. That's why the fenix 5 series offers multiple models that vary in size to fit every wrist and every workout. Each version offers a variety of stainless steel finishes, Q",949,AUD,1406172,5263192
34146981,,Garmin fenix 5S Plus - Silver with black band,,4.5E2,EUR,23040,53380330
64384934,,"Intel i7 8700k upto 4.7 GHz (6 core, 12 thread)",,,,1808651,75486692
96582714,,APC RBC117 Replacement Battery Cartridge,Genuine APC RBC(TM) are tested and certified for compatibility to restore UPS performance to the original specifications.,383.03,USD,849634,5576199
31947384,,SDSDUNR-256G-GN6IN memory card 256 GB SDXC Class 10 UHS-I,"Product colour: GreyCapacity: 256 GBRead speed: 100 MB/sFlash card type: SDXCFlash memory class: Class 10UHS Speed Class: Class 1 (U1)Video Speed Class: V10Memory voltage: 2.7, 3.6 VOperating temperature (T-T): -25 - 85 °CWeight: 13.60777 gWidth: 31.9 mmDepth: 2.17 mmHeight: 23.9 mm",547.50,DKK,1054843,23699673
9921764,,Seagate 10TB 3.5 Ironwolf NAS HDD 256MB Cache,Seagate 10TB 3.5 Ironwolf NAS HDD 256MB Cache,"R6 439,99 incl tax",ZAR,1482775,51766259
48920124,,D1-TAPE 24MM X 7M noir ON blanc IN,S0720930 Dymo,0,EUR,395055,22463957
14721278,,Cle Usb Wifi Tp-Link N300 Tl-Wn821n,Cle Usb Wifi Tp-Link N300 Tl-Wn821n,د.ج.‏1٬750,DZD,1164344,90951828
25830913,,RAM HyperX Fury Black DDR3 1600MHz 2 x 4Go,MEM D3 1600 8G 2x4G *HyperX Fury Black* HX316C10FBK2/8 *0420,71.28,EUR,702149,43900336
64941287,,6TB - Seagate Enterprise IRONWOLF SATA - ST6000VN0033,"Seagate IronWolf ST6000VN00336TB 5400 RPM 64MB Cache SATA 6.0Gb/s 3.5\"" Internal Hard Drive Bare Drive",161.0,USD,498972,457768
3553691,Swiss Military Hanowa,Orologio Swiss Military Hanowa06-4226.30.003.03 Immersion,Blue Swiss Made Chrono Diver with DayDate,244.95,EUR,2080188,5650508
3789182,Znaka: Originlne,Originlny toner XEROX 106R01634 (ierny),Originlny spotrebn materil pre tlaiarne XEROX,66.9,EUR,785946,8060977
44726488,Brother,Brother HL-L6300DW Business Laser Printer for Mid-Size Workgroups w/Higher Print Volumes,"Business durable design with fast, high-quality printing at up to 48 ppm.High-Yield 8,000-page in-box cartridge; realize even lower cost output due to a super high-yield 12,000-page replacement toner cartridgeAdvanced security features such as an integrated NFC card reader for network user authentic",349.98,USD,408446,40163790
25831104,,SRAM CASSETTE PG-1130 11V 11-36,,88,EUR,296239,14132157
26102262,,Instax Square Black Border Film 10 Shot Pack,This Fujifilm Instax Square Film is designed for use in your Fujifilm Instax Square Camera. This pack contains 10 sheets of film in a handy cartridge that's quick and easy to install in your camera.EXP: 10/2020,19.95,AUD,1118780,84301060
28403450,,EPSON - Ink Cart/XL Yellow WF-8xxx,EPSON Ink Cart/XL Yellow WF-8xxx (C13T755440) - Produkt: Blekk,901.25,NOK,2806654,11658050
20898202,,"SanDisk 480GB SSD Plus SATA III 2.5\"" Internal SSD","The SanDisk 480GB SSD Plus SATA III 2.5\"" Internal SSD offers sequential reads of up to 535 MB/s and sequential writes of up to 445 MB/s to offer faster boot times and faster access to your data than a traditional spinning hard drive. This internal SSD quickly delivers 480GB of storage capacity for ",78.99,USD,1037877,12333156
21944667,,WD Black 4TB My Passport Portable USB3.0 HDD (WDBPKJ0040BBK-WESN) (Warranty 3years with WD SG),Warranty : 3 Years with WD,159.00,SGD,1939560,96980573
74443743,,"256GB, PCIe Gen3x4 Gaming SSD 3D NAND XPG SX8200 PRO","256GB, PCIe Gen3x4 Gaming SSD 3D NAND XPG SX8200 PROThe SX8200 Pro M.2 2280 SSD is XPG’s fastest SSD to date and is designed for avid PC enthusiasts, gamers, and overclockers. It features an ultra-fast PCIe Gen3x4 interface that offers sustained peak read/write speeds of 3500/3000MB per second, outp",43.63,EUR,1856741,44201512
12423049,,"Transcend SSD230S Series 128GB 2.5\"" SATA3 SSD","Transcend SSD230S Series 128GB 2.5\"" SATA 6Gb/s Solid State Drive - 3D TLC NAND Flash Memory - Aluminium Casing - 7mm - Max Seq. R/W: 560MB/s, 500MB/s - DDR3 DRAM cache - SM2258 Controller",604.00,ZAR,715391,45664586
4217254,,"Corsair Vengeance LPXFekete DDR4, 2666MHz 8GB (1 x 8GB) memória","DDR4, 2666MHz 8GB 1 x 288 DIMM, Unbuffered, 16-18-18-35, Vengeance LPX Fekete Heat spreader, 1.2V, XMP 2.0, Supports 6th Intel® Core™ i5/i7",18100,HUF,155934,1291443
22846596,,Sony E-Mount 24-240mm F3.5-6.3 FE OSS Zoom,"This Sony zoom lens is perfect for all of the obstacles of your everyday life, with a range wide enough to capture all from landscapes, to portraits and sports. Compatible with all Sony E-Mount cameras, including the full-frame options, the Sony FE 24-240mm F3.5-6.3 OSS maintains the consistently hi",1499.95,AUD,740038,54722844
27087295,,"Catalyst 2960-X 24 GigE, 2 x 10G SFP+, LAN Base","Cisco® Catalyst® 2960-X and 2960-XR Series Switches are fixed-configuration, stackable Gigabit Ethernet switches that provide enterprise-class access for campus and branch applications (Figure 1). Designed for operational simplicity to lower total cost of ownership, they enable scalable, secure and ",27340.25,HKD,758825,89973207
54808619,Manfrotto,Manfrotto MVH500AH Lightweight Fluid Video Head - Flat Base,The Manfrotto MVH500AH Lightweight Fluid Video Head is available for sale from Outdoorphoto. Read more about this item now.,3195.00,ZAR,72631,9646081
21447171,,ASUS ROG STRIX B550-F GAMINGmotherboard - ATX - Socket AM4 - AMD B550,Advance your gaming immersionPCIe 4.0-readyIntel 2.5 Gb EthernetSupremeFXAI noise-canceling microphoneAll-round performanceDIGI+ Power ControlCooler by designOutshine the competitionQ-LEDsSafeSlot,179.32,GBP,516888,8921864
81395161,Corsair,"Corsair CC-9011101-WW Crystal Series 460X RGB, Tempered Glass, Compact ATX Mid",We've engineered the crystal 460X RGB to pack all the performance and expandability you need into a beautifully modern and compact case design with vivid illumination from our SP120 RGB LED fans. Put your build on display through beautiful two-panel tempered glass and keep it all running cool and qu,131.99,USD,1320095,43851871
43742288,,D-link DGS-1210-24P best price,24-Port Gigabit PoE Smart Switch with 4 SFP ports Price: 261.18. Best price from OmniChannel. Convenient payment by bank transfer or delivery,2.6118E2,eur,964764,2244475
3846927,,"MB ASUS PRIME X570-PRO AM4 4DDR4 HDMI,DP 3*PCIE Optical S/PDIF OUT, AURA, M.2 ATX",,277.31,EUR,2848082,93532842
18525537,Corsair,CORSAIR DDR4 2133MHz 16GB 2x8GB 288 DIMM Unbuffered 13-15-15-28 Vengeance LPX Black Heat spreader 1.20V XMP2.0,,65.97,EUR,941703,23279983
46966361,,APC SRT10KXLI Smart-UPS SRT 10kVA 230V,"APC SRT10KXLI Smart-UPS SRT 10kVA 230VModel: SRT10KXLI Includes: CD with software , Documentation CD , Installation guide , Temperature Probe , USB cable , Warranty card , Web/SNMP Management Card",6699,SGD,1284659,15724231
20791179,CoolerMaster,"Cooler Master case MasterCase H500M, E-ATX, 1x USB 3.1 Type-C, 4x USB3.0, bez zdroje, kovová šedá",MasterCase H500MChoose between the mesh front panel for optimized airflow or the glass option for a balance of aesthetics and performance with the included accessory. Move air stylishly and quietly with two 200mm Addressable RGB fans controlled by an included Addressable RGB controller. Edge-to-edge,6504,Kč,356251,87945154
63451176,,Omega Seamaster 215.32.46.51.01.001,,,,1476532,25817481
97028330,Epson,Epson Premium Glossy Photo Paper A4 2x15 vel 255g,,15.00,EUR,1601212,35307953
73624462,,Epson C1100 High Capacity Cyan,Epson C1100 High Capacity Cyan,151.42,GBP,118390,8387371
4249539,,652564-B21 HP G8 G9 300-GB 6G 10K 2.5 SAS,Description:HP 300GB 2.5-inch SFF SAS 6Gb/s 10K RPM512n Dual Port (DP) Enterprise (ENT) Hot-Plug Hard Drivein G8 G9 (Gen8 Gen9) SFF SmartDrive Carrier (SC) (as pictured)For HP G8 G9 Proliant SAS Servers and select Storage ArraysGenuine HP serial number and firmwareGenuine HP Hard DrivePart Number(s),3816850,VND,3747560,30114774
647155,,"Asus TUF B450M-PLUS GAMING, AMD B450, AM4, Micro ATX, 4 DDR4, XFire, DVI, HDMI, M.2, RGB Lighting","ASUS TUF B450M-Plus Gaming AMD Ryzen 2 AM4 DDR4 HDMI DVI-D M.2 mATX Motherboard2nd generation AMD® Ryzen™ AM4 maximize connectivity and speed with NVMe M.2, USB 3.1 Gen2 and gigabit LANMilitary-grade TUF components like TUF LANGuard, TUF Chokes, TUF Capacitors, and TUF MOSFETs maximize durabilityTUF",9.599E1,GBP,2833952,45187816
95393172,Shimano,Shimano PD-7000 105 Carbon SPD-SL,Carbon fibre reinforced resin pedal body. Wide contact area. 265g/pr (25g/pr lighter than PD-5800),164.99,CAD,1588018,86739887
52151706,,TP-LINK jetstream - switch - 24 x 10/100/1000 - montabile su rack,SWITCH 24 GIGABIT VLAN QOS,87.7,EUR,180905,19120777
45125692,,"RAM-201U-B RAM Mounts Short Double Socket Arm for C Size 1.5\"" Balls","RAM Mounts793442020124RAM-201U-B RAM Mounts Short Double Socket Arm for C Size 1.5\"" BallsNOTE: THIS ITEM FEATURES SOCKETS FOR 1.5\"" (ONE AND ONE HALF INCH) BALLS. IT IS NOT COMPATIBLE WITH RAM MOUNTS B-SIZED 1\"" (ONE INCH) BALLS. NO REFUNDS FOR FAILURE TO READ DESCRIPTION!The RAM-201U-B, short doub",19.49,USD,93315,77697394
34826703,,AF-S 24–85mm F/3.5–4.5G ED VR,A high quality G-type standard zoom lens.,999.00,BAM,21809,13129556
85704324,,0000128899| Sigma 50mm f/1.4 DG HSM Art for Nikon,0000128899| Sigma 50mm f/1.4 DG HSM Art for Nikon,"1,288.99",AUD,393711,7900674
62460477,,Gigabyte GeForce GTX 1650 SUPER OC 4G GDDR6,,799,PLN,1349881,10108569
89101476,Pokemon,Pokemon Pokemon Sword and Shield Booster,Pokemon TCG Sword and Shield single booster,3.99,USD,991074,23313027
49056070,,HIGH ROLLER II 27.5 X 2.30 EXO TR FOLD 60TPI,"The second generation of the legendary High RollerOpen tread designEasily clears debrisSingle-ply, DoubleDown, and DH casings available3C MaxxTerra, 3C MaxxGrip, and Super Tacky available on select modelsWide trail (WT) casing specs are optimized for 30-35mm inner width rimsAn open and aggressive tr",7.299E1,AUD,627344,70805675
30711697,,DDR3 4GB / 1600 KINGSTON HX316C10F/4,HyperX FURY Blue 4GB DDR3-1600MHz CL10 Scendi in campo,20.78,,836466,22638951
16296435,,Epson - Tanica - nero opaco - C13T693500 - 350ml,Tanica inchiostro a pigmenti nero-matte Epson ultra chrome XD (350ML),125.80,EUR,2734298,41293728
89817886,,Tissot Expert Solar Watch T0914204605101,,1150,USD,4560747,25251155
67877800,,32 oz. Wide Mouth Flex Cap,-Ideal size for all-day hydration-Fits most backcountry water filters-TempShield™ insulation keeps beverages cold up to 24 hours and hot up to 12 hours-Durable 18/8 Pro-Grade Stainless Steel construction-Hydroflask's Wide Mouth refresh features a stainless-steel collar and curved radius at the botto,44.95,USD,489587,71348936
61377963,,Kingston DataTraveler SE9 G2 - USB flash drive - 64 GB - USB 3.0,Kingston DataTraveler SE9 G2 - USB flash drive - 64 GB - USB 3.0,9.98,GBP,435008,98866039
21390817,,"Gigabyte AORUS GeForce RTX 2080 Ti XTREME, 11 Go","Gigabyte AORUS GeForce RTX 2080 Ti XTREME, 11 Go",1318.96,EUR,784833,36157293
25011125,,Hikvision DVR 16 CH fino a 8Mpx Turbo 3.0 DS-7216HUHI-K2,Hikvision DVR 16 CH fino a 8Mpx Turbo 3.0 DS-7216HUHI-K2,3.726E2,EUR,1336313,40180230
78223205,Kingston,Kingston DDR4-3333 16GB HyperX Predator Lifetime (HX433C16PB3K2/16),,,,499316,66271987
48076409,Bosch,Bosch Serie 2 KGN34NWEAG Frost Free Fridge Freezer | White,The Bosch KGN34NWEAG has an impressive A++ energy rating which means that it will save you money on your energy bills. With its 192L fridge capacity and 105L freezer capacity you will always have plenty of room for your weekly shop. The KGN34NWEAG really is a must have addition to any kitchen.To hel,0.0,GBP,675848,31552844
28103623,Cooler Master,Cooler Master Wentylator CPU Hyper H411R LED biały,Cooler Master Wentylator CPU Hyper H411R LED biały,115.59,PLN,541517,95351023
91116388,,Corsair ML140 PRO 1x 140mm RGB LED PWM Magnetic Levitation | Discount Computer Needs,"View and shop for Corsair ML140 PRO 1x 140mm RGB LED PWM Magnetic Levitation, Computer Case Fans, and many more products at Discount Computer Needs.",65.00,AUD,264505,61690853
43443246,RAM,UNPKG RAM DBL SOCKET ARM B BALL A LENGTH,,22.00,EUR,394619,84771715
45641488,,APC Smart-UPS SRT 3000VA RM 230V,"High density, double-conversion on-line power protection with scalable runtime",4618.4,AUD,2267064,68792553
89091073,https://www.leadersystems.com.au/Images/NWTL-ARCHERT9UH.jpg,TP-Link Archer T9UH AC1900 High Gain Wireless Dual Band USB Network Adapter 1900Mbps (600Mpbs @ 2.4GHz & 1300Mbps @ 5GHz) USB3.0 Omni Directional Ant.,TP-Link Archer T9UH AC1900 High Gain Wireless Dual Band USB Network Adapter 1900Mbps (600Mpbs @ 2...,94.0,AUD,1155981,35860022
64363962,The Pokemon Company,The Pokemon Company Pokemon TCG: Sword & Shield - Rebel Clash Booster Pack,,4.00,USD,2490160,46030392
22188473,,Kingston Technology A400 SSD 240GB Serial ATA III,"Kingston Technology A400 SSD 240GB, 240 GB, Serial ATA III, 500 MB/s, 350 MB/s, PC/PC portatile, 6 Gbit/s","37,92 €",EUR,335396,18057818
85472408,,"SRAM NX Eagle PG-1230 Cassette - 12 Speed, 11-50t, Black",,100.00,USD,70762,72910194
13469096,,"8ch, PoC, Hikvision DVR, up to 4MP TVI camera supported","8ch DVR, up to 4MP cameras supported(TVI/AHD, 2MP max for CVI) Power over Coax (PoC) model, allows the cameras to be powered by the DVR along the coax, no power pair required. Can be used with CAT5/6 UTP cable when used with our PoC video Baluns (product code - BAL01P-POC) Auto-detects whether the c",114.00,GBP,28399,18996777
80827079,Dymo,Dymo Tape D1 24mm Sort/Gul,,165,DKK,103881,4984777
29909599,,"Zebra Black Printer Ribbon for P310F, P310C, P420C, P520C & P720C ID Card Printers",,21.51,USD,183681,50368196
34659801,,Intel Core i7-10700KF Processor,"Socket-LGA1200, 8-Core, 16-Thread, 3.8/5.1GHz, Comet Lake, uden køler",2777.00,DKK,310518,83528218
51984550,Fujifilm,Fujifilm Instax Mini Monochrome Film (10 Pack),This Fuji Instax Mini Monochrome Film (10 Pack) allows you to be more creative with your Fujifilm Instax Instant Camera and explore life in black and white.,175.00,ZAR,165928,89749927
89906566,Hikvision,Hikvision DS-1273ZJ-140 Bracket BLACK,GeneralMaterial:Aluminum alloyColor:whiteDimension:140mm x 182mm x 120mmWeight:Approx.: 703gFits:23x6 & 2365DownloadDatasheet,239,DKK,738794,91942249
16111692,APC by Schneider Electric,APC Smart-UPS 1000VA LCD 230V SMT1000I - SMT1000I,"APC Smart-UPS 1000VA LCD 230V SMT1000I - SMT1000I - Single Phase - ﻿SMT1000I Features APC Smart-UPS 1000VA LCD 230VIntelligent and efficient network power protection from entry level to scaleable runtime. Ideal UPS for servers, point-of-sale, routers, swi",7150,EGP,2132160,25607937
86534825,SanDisk,SanDisk Extreme Pro CFAST 2.0 VPG130 - 64GB,"For those working in high-performance industries such as broadcasting, cinema, and photography, the 64GB Extreme PRO CFast 2.0 Memory Card from SanDisk combines the speed, capacity, and performance needed to record uninterrupted DCI 4K video, which has a resolution of 4096 x 2160 and a 17:9 aspect r",310.00,SGD,1013997,75852884
61102697,,HyperX Fury Black Series 4GB DDR3 1600MHz CL10 DIMM Memory,HyperX Fury Black Series 4GB DDR3 1600MHz CL10 DIMM Memory,19.93,GBP,1824443,32932210
40229294,,T7 Touch Portable SSD - 1TB Silver,"Whether you're carrying games, movies, or sensitive work files, the Portable SSD T7 Touch gives you speed and security in a palm-sized package. Experience the next level of external storage.",439.99,NZD,1307351,47478087
77340472,Apple,Apple APPLE AIRPODS (2ND GEN) WIRELESS HEADPHONES WITH CHARGING CASE,APPLE AIRPODS (2ND GEN) WIRELESS HEADPHONES WITH CHARGING CASE,159.00,USD,1223297,52158659
29972405,,New Era 9FORTY MLB New York Yankees Strapback - 10047538,,460.00,CZK,26458599,36800658
31640964,Fujifilm,"Fujifilm XF 80 mm F2,8 R LM OIS WR Makro schwarz",,1149.00,EUR,45636,10484404
24240071,,Traveler’s Notebook Lined Notebook Refill,These lined refill papers will fit your regular size Traveler's notebook. 64 blank pages to be filled with creative thoughts!,4.50,EUR,5041507,45833973
84448296,EPSON,Cartouche d'encre Epson T1571 XL Tortue - Noir Photo,Cartouche d'encre Epson T1571 XL Tortue - Noir Photo,24.99,EUR,163669,54746544
61288533,,Audio Technica ATH-M50X Monitor Headphones with Disconnectable Cables - White,"DESCRIPTION Pure. Professional. Performance.As the most critically acclaimed model in the M-Series line, the ATH-M50 is praised by top audio engineers and pro audio reviewers year after year. Now, the ATH-M50xWH (white) professional monitor headphones feature the same coveted sonic signature, with t",1.69E2,USD,1084160,33520763
72339073,,DW00100006 DW CLASSIC ST MAWES,"The Classic St. Mawes, an integral part of the flagship Classic Collection, is a slim timepiece that sits perfectly on your wrist. With a flawlessly round and simple dial, a classy leather band and an elegant casing, you have a timepiece that proves that perfection in engineering not only is a possi",329,AUD,667096,52332060
52586114,,"Western Digital Blue PC 2.5\"" 250 GB Serial ATA III","250 GB, 2.5\"", SATA 6Gb/s, 540/500 MB/s",62.436001,EUR,483248,11565762
20894418,,"LOGITECH HEADSET,USB HEADSET MONO H570E","Logitech H570e Headset has Digital Signal Processing, Noise Cancelling Mic, Wide band audio, Logitech Sound, Compatible with UC Platforms",1065.44,ZAR,1252906,78504460
6562952,,Pedale Shimano PD-RS500 SPD-SL,Pedale Shimano SPD-SLFara CatadioptriiPlacute incluse,212.00,RON,3789862,14979345
34536789,Pokemon,Pokémon TCG Sword And Shield- Rebel Clash Three Blister,"• Over 190 cards • Dozens of recently discovered Pokémon from the Galar region • 15 powerful Pokémon V and 7 enormous Pokémon VMAX • More than 15 Trainer cards and 4 new Special Energy cardsEach pack contains:3 boosters (10 cards per booster), 1 coin and 1 foil promo card",19.99,AUD,3227349,62380727
98244415,,Sony FE 24mm F1.4 GM | 2 Years Warranty,,1258,EUR,44290,37431252
33453124,Evans,"Evans 20"" EMAD Batter Clear",,61.99,CAD,800940,13546282
40438621,,SRAM Disc Brake Pad Set Organic with Steel Back fits Hydraulic Road Disc Level Ultimate and Level TLM,SRAM Disc Brake Pads - Organic Compound Steel Backed Quiet For SRAM Hydraulic Road Disc Level Ultimate/TLM A1 (2017-2019). SRAM road disc brake pads are designed for use with SRAM road hydraulic disc brakes (HRD). TECH SPECSPad Shape Number 37Compound OrganicHeat Sink Nokeyword search br4694Backing ,25.00,USD,350645,220243
47967449,,APC Smart-UPS RT 192V RM Battery Pack Battery enclosure,"APC Smart-UPS RT 192V RM Battery Pack - Battery enclosure ( rack-mountable ) - 4 x Lead Acid - 6U - 19\"" (SURT192RMXLBP2)",4229.00,AUD,1075774,64197093
97395089,,Jabra EVOLVE 20 UC MONO Headset 4993-829-209 -For use on computers,"PRODUCT HIGHLIGHTSMono-StyleOptimized for UCNoise-Cancelling MicrophoneIn-Line Control UnitUSB ConnectionDigital Signal Processing (DSP)Jabra PC SuiteStay focused with the EVOLVE 20 UC Mono Headset from Jabra. This headband-style headset features a noise-canceling microphone, so you can be better he",59.00,USD,1588415,23346990
65140446,Hiper X,Memoria RAM CL10 Kingston HyperX Fury 4GB 1866 MHz [HX318C10FB/4],QP-P01-280319,359.00,GTQ,1877306,31517280
16801792,,Epson S042091 A2 Photo Paper Genuine,"Epson S042091 A2, 255g/m2, Premium Gloss 250 / Photographic & Fine Art A2 Photo Paper - 25 Sheets",86.19,AUD,1554234,79883238
59616731,OKI,"Original Toner OKI 44992402 (z.B. B401), ca. 2.500 S., schwarz",,73.43,EUR,140469,55201507
20840070,,"Camera PTZ IP, 2.0 MP, Ultra LOW LIght, Zoom optic 25X, IR 150 metri - HIKVISION",Model / producator:HIKVISIONZoom:Optic 25X digital 16XSenzor:1/2.8' Progressive Scan CMOSRezolutie:1920(H)x1080(V)Lentila:4.8-120mm Zoom optic 25x (unghi 57.6° - 2.5°)Iluminare minima:Color: 0.005Lux; B/W: 0.001Lux@ 0 Lux IR porniDistanta IR:pana la 150 metri IR Cut FilterPTZ:Pan:360°,1.61792E3,RON,2694265,68519995
91193296,Manfrotto,Manfrotto Befree Advanced Travel Aluminum Tripod with 494 Ball Head,"Please Check Stock availabilityProduct HighlightsLoad Capacity: 17.6 lbMax Height: 59.1\""Folded Length: 15.7\""Leg Sections: 4Weight: 3.6 lb494 Ball Head with Pan & Friction KnobsRC2 and Arca-Type Compatible QR PlateQPL Lever Leg LocksEasy Link Attachment and Integrated HookThree Leg Angles with Side",4995.0,ZAR,943488,13950014
43138417,,Gamer Mus Razer DeathAdder V2,Gamer Mus Razer DeathAdder V2,621,DKK,686177,68865061
30923260,,"HP 146GB 6G 10K 2.5\"" SAS Dual Port Server Hard Disk","HP 146GB 6G 10K 2.5\"" SAS Dual Port Server Hard Disk HP 146GB 6G 10K 2.5\"" SAS Dual Port Server Hard Disk part number 507125-B21 is compatible with HP G5/G6/G7 Series",22900.00,KES,279005,92746462
35527544,Epson,Compatible Epson T1285 BK/C/M/Y Multipack of Ink Cartridges (T1285BKCMYMULTICOM),,9.99,GBP,161548,9740675
39062587,ASUS,ASUS DUAL-RX5500XT-O8G-EVO,The ASUS Dual Radeon™ RX 5500 XT EVO offers a plug-and-play 1080p gaming experience.,329.00,SGD,2326232,56392806
90241829,,"BenQ SW2700PT 27 inch 2K Photographer Monitor2560x1440 QHD, 99% Adobe RGB, 100% Rec.709/sRGB color space, Hardware Calibration, 14-bit 3D LUTSW2700PT, HDMI 1.4,OSD Controller, 60Hz refresh rate | SW2700PT","With stunning 2K resolution, the 27” BenQ SW2700PT monitor is equipped with 99% Adobe RGB, 100% sRGB, 100% Rec.709 color space coverage providing you with a wide range of spectacular colors to work with.",2475,AED,719046,91975856
38448123,,Kšiltovka New Era New York Yankees 39Thirty,,658,CZK,60449185,1766796
70728429,Samsung,Samsung SSD970 Evo Plus 250GB NVME M.23500MB/s / 2300MB/s,"250GB, M.2, PCIe Gen 3.0 x 4, NVMe 1.3",83.95,EUR,993500,8680758
89362627,Asus,Asus ROG Strix X570-F Gaming AMD AM4 X570 Chipset ATX Motherboard - Ryzen 3 Ready,"ATX, Dual Channel DDR4, 3 x PCIe 4.0 x16, 2 x PCIe 4.0 x1, 2 x M.2, 8 x Sata 3, Intel Lan, Asus Aura",249.98,GBP,80156,64888074
75858280,,Corsair Vengeance LPX 8GB 288-Pin DDR4 SDRAM DDR4 3000 (PC4 24000) Desktop Memory | CMK8GX4M1D3000C16,DDR4 3000 (PC4 24000) Timing 16-20-20-38 CAS Latency 16 Voltage 1.35V,170.00,AED,1132050,54710391
25445188,Kingston,Kingston Canvas Select Plus 128GB Micro SD UHS-I (U1) Flash Card with Adapter,,35.99,EUR,27477,25138178
69931309,,Corsair DDR4 8GB 2133Mhz CL15 Dimm Valueselect Single Module CMV8GX4M1A2133C15,"Corsair Value Select 8GB PC4-17000, 8 GB, DDR4, 2133 MHz",29.1,EUR,2861749,38788118
78600248,,PENDRIVE 128GB USB3.0 TIPO C KINGSTON DT MICRO DUO,PENDRIVE 128GB USB3.0 TIPO C KINGSTON DT MICRO DUO Lectura 100Mbs / Escritura 15Mbs / USB(A)-USB(C) DTDUO3C/128GB,30.18,EUR,1085000,27761736
96920840,,Jabra Evolve 40 UC Mono Bedrade Usb A Office Headset,USB,72.85,EUR,5313,21266898
74190911,Canon,Canon 707C Toner Cartridge - Cyan,Canon 707C Toner Cartridge - Cyan - Laser - 2000 Page,78.88,GBP,1813263,57306118
95518443,WTB,"WTB WTB Byway Tire - 650b x 47, TCS Tubeless, Folding, Black",The Byway Road Plus tire allows riders to find comfort on remote gravel roads without being slowed down on the pavement required to reach them.,64.99,USD,1496586,38784883
79816290,RAM Mounts,"RAM-D-235U - RAM Double U-Bolt Base with D Size 2.25\"" Ball for Rails from 0.75\"" to 1.25\"" in Diameter",,,,1571647,14737778
1331887,,Sony SEL FE 50mm f/1.8 E-Mount Lens,,349.99,CAD,1453810,48390119
83480362,,SEAGATE 16TB 3.5 IRON WOLF PRO NAS HDD SATA 6GBPS,,14114.81,ZAR,40783,80932957
56323187,,ASUS ROG STRIX Z390-I GAMING Motherboard with WiFi/BT,"Motherboard Form Factor: Mini ITX Graphics Ports: HDMI 2.0, DisplayPort Multi-GPU Support: Integrated Graphics Processor- Intel® HD Graphics support Supports Intel® InTru™ 3D, Quick Sync Video, Clear Video HD Technology, Insider™ Expansion Slots: 1 x PCIe 3.0 x16 (x16 mode) Storage: 2 x M.2 Socket 3",386.00,AUD,1068570,62345625
52546836,,Daniel Wellington Classic Sheffield 40mm quartz watch,,95,GBP,5135259,41579966
36784297,,APC APCRBC133 Replacement Battery Cartridge #133,APC APCRBC133 Replacement Battery Cartridge #133,539,SGD,167983,29457595
74552861,MITXPC,"250GB Crucial MX500 2.5\"" SATA SSD","Increase the speed, durability, and efficiency of your system for years to come with the Crucial MX500 SSD. It's crafted with top quality 3D NAND flash chips and the state-of-the-art Marvell controller, delivering significant boost to every aspect of performance with extremely fast read/write speed.",49.95,USD,672125,34472445
7779685,,Intel Core i3-8300 (4x 3.7 GHz),,116.480045,EUR,1313785,81179017
49800571,,"RAM Triple 1\"" Ball Base",SpecificationsMaterial: Powder Coated Marine Grade AluminiumColour: Black Powder CoatBall: 1 Inch Rubber BallAccessoriesCompatibilityRelated ItemsNotesInstructionsVideos Warranty RAM Warranty,7.095E1,AUD,2961644,71989322
4563586,Brother,Brother [TN-200] black Toner,Tonerkassette (TN-200)Tonerkassette TN-200 für 2.200 Seiten bei 5% Deckung.Dieses Produkt ist für folgende Drucker geeignet:Brother HL 720 Laserplus | Brother HL 730 Laserplus | Brother HL 760 Laserplus | Brother FAX 8000 P | Brother MFC-9500 | Brother HL 700 | Brother FAX 8200 P | Brother MFC-4550 ,39.70,EUR,5223239,36866967
37351978,Gigabyte,"Gigabyte Radeon RX 5500 XT OC 8G, 8192 MB GDDR6","Gaming-Grafikkarte Radeon RX 5500 XT von Gigabyte, max. 1.845 MHz GPU-Boost-Takt, 8 GB GDDR6-Speicher, 3x DisplayPort 1.4 / 1x HDMI, Dual-Lüfter-Kühlerdesign",223.23,EUR,686147,34961217
86779035,,Ilford FP4+ 125 B&W 120 Film,In the Box,5.99,USD,213315,3719213
52205735,Daniel Wellington,Classic Cornwall with Black Dial and Rose Gold Case,"With its distinctive dial and all-black NATO strap, the Classic Cornwall is a true eye-catcher that embodies the timeless and elegant characteristics of our flagship Classic collection. With a sleek design and a captivating essence, this is a modern Classic made for every occasion.Case thickness: 6m",159.00,EUR,2533164,59671298
80971454,,Tissot Heritage Visodate Quartz T118.410.11.057.00,,292.44,EUR,616115,8757303
75971155,SANDISK,SanDisk Extreme microSDHC 32GB + SD Adapter for Action Sports Cameras - 100MB/s A1 C10 V30 UHS-I U3,Dobavni rok: na zalogi,11.59,EUR,2008617,1938345
19216477,,Šiltovka New Era NFL New Orleans Saints 9Fifty Cap,,3.99E1,EUR,57147200,2071835
76378,,Nikon AF-S 50mm f1.8 G,"A revised design of a classic favourite, is this Nikon AF-S 50mm f1.8G lens. Suitable for use with both FX and DX format Nikon DSLRs, this fast prime lens is suitable for a vast array of subject matters and brilliant for low-light shooting. The compact design of this lens, the versatile focal length",349.95,AUD,730377,50303751
54856190,,Jabra Evolve 65 Headset UC Mono,,11990,PHP,1409979,59929353
66806426,RAM,RAM Long Clamp RAM Standard Balls(RAM-201U-D),"RAM® Long Double Socket ArmProvides an extended reach with an overall length of 9.125\"" and a socket-to-socket length of 8\""Attaches to any C size RAM® ball component, including mounting bases and device holders; double ball and socket technology allows for near-infinite adjustability of your RAM® m",72.00,AUD,1764013,11113121
32868569,Samsung,Samsung T7 Touch 2TB V-NAND USB 3.2 Gen 2 External SSD,"T7 Touch 2TB V-NAND USB 3.2 Gen 2 External SSD. The Samsung 2TB T7 Touch Portable SSD is a compact and secure storage solution that fits in the palm of your hand. Roughly the size of a few stacked credit cards, the T7 Touch is equipped 256-bit AES encryption, a fingerprint reader, and password prote",349.99,USD,327893,63587638
7344796,,Karta VGA Asus Phoenix GeForce® GTX 1660 SUPER OC 6GB GDDR6 192bit DVI+HDMI+DP PCIe3.0,,1276.69,PLN,137125,21367693
88333504,Sandisk,SanDisk Extreme PRO® SD™ UHS-II Card Reader/Writer,"Compact, portable SD™ card readerDesigned for super-fast SD UHS-II card transfersCompatible with UHS-II, backwards-compatible with UHS-I and non-UHS SD cards2Compatible with USB 3.02-Year warranty3Technical DetailsSingle slot SD™ UHS-II card reader/writerUSB 3.0; USB 2.0 backwards-compatibleTrust In",118.0,MYR,137095,76532384
57162953,,SRAM PG-730 7sp Cassette,"Durable heat-treated steel cogs with weight reduction windowsShimano Hyperglide compatible spacing, fits Shimano freehub bodiesTooth profiling designed for optimal performance in combination with SRAM PowerChains",18.0,USD,215872,71130653
88973971,Evans,Evans EC2 Clear 13 Inch Drum Head Skin Level 360,,33.70,AUD,3041830,32421414
76749782,,Tissot Seastar 1000 T120.417.17.041.00,,495.00,EUR,1167881,91421108
53732462,,"GIGABYTE AORUS GeForce RTX 2060 Super 8G Graphics Card, WINDFORCE Stack, 8GB 256-Bit GDDR6 | GV-N206SAORUS-8GC","NVIDIA Turing Architechure & Real Time Ray TracingAORUS Exclusive Halo Fan RGBWINDFORCE Cooling SystemIntuitive Controls with AORUS EngineCore Clock 1845 MHz8GB 256-Bit GDDR63 x HDMI, 3 x DisplayPort, 1 x USB Type-CPCI Express 3.0 x16",1985.50,AED,2195680,13883364
1645016,,"SAMSUNG 50\"" 4K UHD Smart QLED TV (QN50Q60T)",Quantum DotDual LEDMultiple Voice AssistantsQuantum Processor 4K,849.99,CAD,1627512,81504915
81101391,KINGSTON,Kingston HyperX Predator 32GB Black Heatsink (2 x 16GB) DDR4 3000MHz DIMM System Memory,HyperX Predator 32GB(2x16GB) 3000MHz DDR4 CL15 DIMM Memory Kit Prey on the competitionHyperX Predator DDR4 memory has a fierce new heat spreader design in blackaluminium for greater heat dissipation to optimise reliability. The heat spreaderand PCB complement the look and design of the latest PC har,153.672,GBP,1249448,46158383
29035504,,Ubiquiti Networks UAP-AC-IW 5-pack WLAN toegangspunt 1000 Mbit/s Power over Ethernet (PoE) Wit,"Easier Than You ThinkIdeal for new and retrofit installations, the UniFi® AC In-Wall is designed to convert an Ethernet wall jack into a dual-band 802.11ac Wi-Fi access point with two Gigabit Ethernet ports.The Power of PoETurn existing wiring into per-room Wi-Fi with the UniFi PoE Switch series.** ",4.8295E2,EUR,1610496,24300732
77369770,Cooler Master,Cooler Master MasterLiquid ML120L RGB V2 120mm Liquid CPU Cooler MLW-D12M-A18PC-R2 | PCByte,New Generation Dual Chamber PumpEnlarged Surface Area on RadiatorNew SickleFlow 120 RGBReinforced Sealing for Anti-Leaking Prevention,85.0,AUD,91172,41608931
88146034,,ASUS GRAPHICS CARD TUFF RX 5700XT OC 8GB DDR6 1X HDMI 3X DISPLAY PORT 3 X FAN MAX DISPLAY SUPPORT:4 600W 3 YEAR CARRY IN WARRANTY,,,,649471,84836014
94819369,,Crucial 8GB (1x8GB) DDR3L UDIMM 1600MHz ECC Unbuffered Single Stick Server Desktop PC Memory RAM,Crucial 8GB DDR3L 1600MT/s (PC3-12800) DR x8 ECC UDIMM 240p,229.00,AUD,1026272,40225828
81625274,Crucial,Crucial 4GB DDR4 2666 MT/s (PC4-21300) CL17 DR x8 Unbuffered SODIMM 260pin,,70.00,AED,1892167,6032942
62825929,Blaze,Blaze Grill Cart for Blaze 3 Burner Pro SKU BLZ-3PRO-CART,Blaze Cart for Blaze 3 Burner Pro grill SKU BLZ-3PRO-CARTBlaze 3 Burner Pro Cart Only SKU BLZ-3PRO-CART Features:Folding side shelves for easier storage / mobilityStainless steel construction is durable in outdoor conditionsTwo drawers add practical storage for your BBQ accessories2 folding side she,1099.99,USD,6140563,38415767
29882800,Canon,Canon EF-S 10-18 f/4.5-5.6 IS STM,,,,3329047,41978210
43148862,,VGA GIGABYTE GEFORCE GTX 1650 D6 OC 4GDDR6 1HDMI2.0 1DVI-D 1DP1.4 7680X4320 A 60HZ CCLOCK1635MHZ MCL,,,,213319,1823563
29824338,Shimano,Shimano Ultegra CS-R8000 11-Speed Cassette (Silver) (11-28T),"This is the Shimano Ultegra CS-8000 11-Speed Cassette. Using Hyperglide sprockets with revised tooth profiles, the CS-8000 11-speed cassette features reduced wear and lightning quick shifts. Even under the most demanding gear changes you can expect improved shifting thanks to a rigid aluminum carrie",72.99,USD,895823,23336476
40482961,,"8ch, PoC, Hikvision DVR, up to 8MP(8fps) TVI cameras supported","8ch DVR, up to 8MP HD-TVI, 5MP HD-AHD & 4MP HD-CVI cameras supported Power over Coax (PoC) model, allows the cameras to be powered by the DVR along the coax, no power pair required. Can be used with CAT5/6 UTP cable when used with our PoC video Baluns (product code BAL01P-POC) Auto-detects whether t",153.00,GBP,1671509,87392550
39164471,,Blaze Professional 2-Burner 27-Inch With Rear Infrared Burner and Built-In Liquid Propane Gas Grill,"Blaze, as the leading manufacturer in grilling items, presents the Blaze Professional Grill with Rear Infrared Burner. This 27-inch burner from Blaze has maintained its undefeated title in terms of durabilityand effectiveness in cooking. With the precise mixture of fuel and oxygen, this burner can a",2.49999E3,USD,6766905,68075793
28769706,,AirPods 2 with Wireless Charging Case,"Summary:- Designed by Apple- Automatically on, automatically connected- Easy setup for all your Apple devices6- Quick access to Siri by saying “Hey Siri” or setting up double-tap- Double-tap to play or skip forward- Charges quickly in the case- Case can be charged with a Lightning connector- Rich, h",190.90,EUR,1126552,72310020
75639557,Cooler Master,MasterLiquid ML120R RGB Liquid CPU Cooler,Cooler Master MasterLiquid ML120R RGB Liquid CPU Cooler MLX-D12M-A20PC-R1,119.00,EUR,104011,98358005
13150770,Zebra,Zebra TrueColours ix Series Monochrome,,155,NOK,163499,48868171
34423710,,SAMYANG24mm/1.4 ED AS UMC Nikon,,,,404077,68876228
87251130,,"SIGMA 50/1,4 DG HSM A CA",,8.191E2,EUR,75956,20148664
4100511,,"DJI Mavic Mini Combo - Drone FlyCam Quadcopter UAV with 2.7K Camera 3-Axis Gimbal GPS 30min Flight Time, less than 0.55lbs, Gray",(paid link)Brand: DJIColor: DJI Mavic Mini ComboFeatures:✅Weighing less than 0 55lbs / 250 grams Mavic Mini is almost as light as the average smartphone In the United States and Canada you can fly this camera drone without the need to register your drone with the governmentThe compact yet powerful M,499.00,USD,1709252,2950848
10045236,,Full Frame E-Mount FE 70-200mm F4 G OSS Lens,"70-200mm E-mount G lens with Optical SteadyShot for stable images, F4 aperture and two ED glass elements",2088.0,AUD,336149,68849162
51583866,,LaCie 4TB USBC USB 3.0 Aluminum enclosure MoonSilver,Seagate LaCie STHG4000400; 4TB; USB-C; USB 3.0; Aluminum enclosure; MoonSilver; 2 Year Warranty,2550.00,ZAR,267024,25340730
32839986,,Kingston ValueRAM 4GB (1x4GB) 1600MHz DDR3 Memory,"Kingston manufactured amazing enormous 4GB DDR3 memory module, powered by CL11 latency timing, powered by 1.5V and quick 1600MHz",2.092E1,GBP,735114,15506125
75776258,,Blaze 40-Inch Grill Cart For Traditional/LTE Gas Grills,Blaze Grill Cart For 40-Inch Traditional/LTE Gas GrillsThis Blaze stainless steel grill cart is specifically designed to house the Blaze 40-Inch 5 burner gas grill. The two stainless steel side shelves keep your BBQ tools at hand and provide a convenient work area while you cook.The Blaze grill cart,514.99,USD,4325250,87653966
76837299,,Epson Light Black Ink Cartridge 220ml,The Epson Light Black Ink Cartridge 220ml (C13T603700) is an Ink cartridge manufactured by Epson and is 220ml.,,,786291,71942027
29002650,,Shimano XT M8000 11sp Cassette,,1.4999E2,AUD,127568,26740795
16202611,Swiss Military Hanowa,Swiss Military Hanowa06-4307.30.007 Undercover Multifunction Watch,Swiss Made Gents Watch with Day-Date,160.00,GBP,4246715,28830600
21165747,Canon,Canon BJ CARTRIDGE PGI-29 GY pro PIXMA PRO 1,Grey ink Cartridge.,26,EUR,1106750,84407354
10032858,HIKVISION,8CH HIKVISION 8MP DVR 4K TURBO AOC AUDIO OVER COAX- DS-7208HUHI-K1 (S),8CH HIKVISION 8MP DVR 4K TURBO AOC AUDIO OVER COAX- DS-7208HUHI-K1 (S),0.00,GBP,1069672,16234006
29165749,,Kšiltovka New Era New York Yankees MLB 9Fifty,,810,CZK,76491423,92349368
52677675,AMD,AMD CPURyzen 5 2600X /6core/ AM4 / BOX / 3.6-4.2GHz / Boxed,"Ryzen 5 2600X 3.6/4.2GHz, 16MB L3 Cache, 95W, Socket AM4",163.95,EUR,9046,7406291
87682143,,HP CP5225dn Colour (A3) LaserJet Professional Printer,"Cover all your colour business printing needs from postcards to oversize documents, with this versatile and affordable A3 desktop printer. Get superior print quality with HP ColorSphere toner, fast speeds and ease of use, with unrivalled reliability.For small work teams from 3-15 users in unmanaged ",9.8368E2,GBP,1842162,90202399
13802221,Park Tool,Park Tool PH-1.2 P-Handle Hex Wrench Set,"Engineered for fit, function, and leverage, these L-shaped shop quality hex wrenches are a must have for every workshopDurable wall/pegboard mount tool holder allows easy access and organizationComfortable, ergonomically designed nylon handles fit perfectly in your handStraight hex shaft on the shor",$76.95,USD,2492031,40916385
66113073,RAM Mounts,"RAP-B-224-1U - RAM Composite 3.3\"" Diameter Suction Cup Base with 1\"" Ball",,,,5568458,46101444
80714657,,Tag Heuer CarreraSkeleton Dial Mens WATCH CBG2A1Z.BA0658,,,,1434374,36194667
46693236,,Corsair ML Series ML140 Pro Magnetic Levitation Fan (140mm) with Blue LED,"Corsair is expanding its range of fans with the introduction of the ML series, an acronym that reveals the technological nature of the new series of magnetic levitation fans. The Corsair ML fans provide quiet operation and excellent performance, thanks to magnetic levitation of the rotor and the own",1412.00,MUR,509638,56993303
53119290,Audio Technica,"Audio Technica ATH-AD500X Headphones, 3.5mm (1/8 inch), Over-ear, Noice canceling, Black","Audio Technica ATH-AD500X Headphones, 3.5mm (1/8 inch), Over-ear, Noice canceling, Black",157.14,EUR,87840,65208205
44557600,,Epson Premium Gloss Photo A3 (20 sheets) 255 GSM Printer Ink Cartridges C13S041315,Epson Premium Gloss Photo A3 (20 sheets) 255 GSM Printer Ink Cartridges C13S041315. A3 Premium Glossy. Epson. C13S041315. 010343819788,34.99,GBP,465235,92956756
27758157,,Samsung 970 EVO Plus M.2 2000 GB PCI Express 3.0 V-NAND MLC NVMe,,4.4395E2,EUR,1365371,52216082
11556800,,"Apple iPad Air 10,5\"" 256GB Wi-Fi Silver",,3299,PLN,397565,87112730
63899223,,RDR7000 REAR DERAILLEUR 105 11SPEED MEDIUM CAGE,"SHIMANO 105 - Rear Derailleur - Medium Cage - SHIMANO SHADOW RD - 11-speedWith stable shifting performance guaranteed by the SHIMANO SHADOW RD design, the R7000 rear derailleur is compatible with 11-speed road drivetrains and is offered in silver and black.Stable shifting performanceSHIMANO SHADOW R",1.4E2,NZD,1323492,69401250
89974024,,Refill #014: Kraft Paper Notebook,"Cardboard Paper notebook refill for the Traveler's Notebook.Various cuttings, stickers, photos, scribbles and more sophisticated drawings suit it well.Contains 64 pages and its dimensions (210 x 110 mm) make it suitable for the classic version, not for the smaller Passport version.You don’t know Tra",7.9,EUR,1857459,2251660
46153456,,"3M - Privacy filter framed lightweight 20\""\"" to 23\""\"" widescreen","3M Privacy filter framed lightweight 20\""\"" to 23\""\"" widescreen (7000059523) - Type: Skjermbeskyttelse",1506.25,NOK,196841,2493882
70145411,APC,APC Battery Unit - 120 V DC - Sealed Lead Acid - Spill-proof/Maintenance-free - 3 Year Minimum Battery Life - 5 Year Maximum Battery Life,120 V DC - Sealed Lead Acid - Spill-proof/Maintenance-free - 3 Year Minimum Battery Life - 5 Year Maximum Battery Life,643.12,GBP,1144246,40246805
2674532,,WD 3D NAND 1TB PC SSD SATA III Solid State Drive - Blue | WDS100T2B0A,Award Winning WD Blue 3D NAND SATA SSD.Capacities up to 2TB with enhanced reliability.An active power draw up to 25% lower than previous generations of WD Blue SSD.,583.20,AED,549556,57728272
8032910,Swiss Military Hanowa,Swiss Military Hanowa06-6278.04.001.07 Navalus Watch,Swiss Ladies Watch with DayDate,206.00,GBP,2058376,93018058
48983933,,"Evans BD22 EMAD2 Clear 22"" bass drum head","Evans BD22 EMAD2 Clear 22"" bass drum head 2-ply head with 2x externally mounted variable sound mufflers (2cm + 4cm). Big sub bass and attack.",52,EUR,1669570,29653526
46707617,,APC - Schneider APC Smart-UPS SRT 6000VA RM 230V,Part Number :SRT6KRMXLI,7853.00,AUD,1978071,18824446
71101225,,"Razer Mamba Elite 5G 16,000 DPI Optical Mouse - Black","Here’s one for the fans. The Razer Mamba Elite is the iconic gaming mouse you know and love with the most Razer Chroma in our lineup—an impressive 20 lighting zones. And with features built for performance packed into an ergonomic body, you hold an unsurpassable edge over the competition.FeaturesExt",79.99,GBP,967973,87238244
7221254,Maxxis,"Maxxis, Minion DHR2, Tire, 29''x2.40, Folding, Tubeless Ready, 3C Maxx Grip, 2-ply, Wide Trail, 60TPI, Black",Fast rolling center.,124.00,CAD,319607,25369954
47274803,,DS-7216HQHI-K1 Hikvision 16 Channel 3MP / 1080P HD-TVI Hybrid DVR with CVBS (Turbo4.0),Key FeaturesH.265+/H.265/H.264+/H.264 encoding for the main streamSelf-adaptive HDTVI/HDCVI/AHD/CVBS signal inputFull channel 720P resolution real-time recording12.5fps recording on 1080PHDMI and VGA output at up to 1920x1080P resolutionAlso includes 1 x BNC (CVBS) Video Output for Spot OutputLong t,,,4045323,38112967
52086898,RAM,RAM Long Double Clamp for B Size(RAM-B-201U-C),"RAM® Long Length Double Socket Arm for B Size 1\"" BallsProvides an extended reach with an overall length of 6\"" and a socket-to-socket length of 5.31\""Attaches to any B size RAM® ball component, including mounting bases and device holders; double ball and socket technology allows for near-infinite a",33.00,AUD,1366684,6214990
87395249,,Canon CLI-251BK XL - XL - black - original - ink tank,"This CLI-251 black ink tank delivers improved color, a wider color gamut and better color fastness. Print with genuine Canon ink and photo paper to achieve optimum results through the ChromaLife100+ system which will deliver stunning results and longevity.",32.99,CAD,767463,42351173
5263379,,ACCESS POINT TP-LINK WIRELESS N 300MBPS EAP115,,287.94,BRL,2222007,87636038
84859691,Znaka: Originln,Originln toner SAMSUNG MLT-D103L (ern),Originln spotebn materil pro tiskrny SAMSUNG,2049,CZK,1467531,16543090
98628565,,Asus STRIX B550-E GAMING DDR4 S+V+GL AM4,4400Mhz(OC) DPHDMI ÇIFT M2 USB3.2 AX WIFI ATX,2388.68,TRY,135735,15348795
78828674,,M05 RESIN DISC BRAKE PAD,Where to buy M05 RESIN DISC BRAKE PAD locally and more from Shimano Cycling,13,USD,3844417,43498383
74155521,,Asus GeForce RTX 2060 Super Turbo Evo 8GB GDDR6 2*HDMI/2*DP PCi Ex 3.0 16x,Asus GeForce RTX 2060 Super Turbo Evo 8GB GDDR6 2*HDMI/2*DP PCi Ex 3.0 16x,491.00,EUR,320546,23158552
37463999,,ASUS GRAPHICS CARD DUAL RTX 2060 OC EVO 6GB DDR6 2X HDMI 1X DVI-D 1 X DISPLAY PORT 2 X FAN MAX DISPLAY SUPPORT:4 500W 3 YEAR CARRY IN WARRANTY,,,,697270,6988926
38024744,,WS-C2960-24TT-L Cisco Catalyst 2960 Network Switch (New),"Condition: NEWAvailability: End Of Life - Inventory May Be LimitedCisco 2960 Ethernet Switch - 24 port switch - 24 x 10/100Base-TX, 2 x 10/100/1000Base-T (WS-C2960-24TT-L)Cisco Catalyst 2960 Series Intelligent Ethernet Switches are a new family of fixed-configuration standalone devices that provide ",5.67E2,USD,520988,19673382
75916482,,Kingston Canvas Select 128GB MicroSDXC card 80MB/s,"Bring your HD videos to life. Kingston’s Canvas Select™ microSD card is designed to be reliable, making it ideal for filming in HD and shooting high-resolution photos. You can be confident that your memories will be safe when documenting life’s adventures on your Android™ smartphone or point-and-sho",13.37,GBP,854253,14864012
30121121,,Epson atrament WP4000/4500 series magenta XL C13T70234010,,39.05,EUR,730149,74965852
36658258,SAMSUNG ELECTRONICS GMBH,M.2 1TB Samsung 970 EVO NVMe PCIe 3.0 x 4 retail,read/write: 3400/2500MLC,,,106914,64191452
53099378,,Zegarek Omega Seamaster Planet Ocean 600M Co-Axial Chronograph 45.5mm 215.30.46.51.01.001,Zegarek męski Omega Seamaster Planet Ocean 600M Co-Axial Chronograph 45.5mm215.30.46.51.01.001,28 413zł,PLN,27649829,43224065
59614554,,Sandisk Cruzer Glide CZ60 32GB USB Flash Drive [Au Stock],"Sandisk Cruzer Glide CZ60 32GB USB Flash Drive – SDCZ60-032GNew – Brand New / SealedSandisk Cruzer Glide CZ60 32GB USB Flash DriveLightweight Design with Retractable USB Connector – The Cruzer Glide USB flash drive has a sleek, streamlined design with an attractive black and red color scheme. Its co",22.08,AUD,1805681,30120490
74610695,Apple,Apple APPLE AIRPODS (2ND GEN) WIRELESS HEADPHONES WITH WIRELESS CHARGING CASE,"The new AirPods deliver the wireless headphone experience, reimagined. Just pull them out of the charging case and they’re ready to use with your iPhone, Apple Watch, iPad, or Mac.",199.00,USD,1994510,81257793
5578260,,Jabra Biz 2300 USB Duo Headset,"The Jabra Biz 2300 USB Duo is a dual ear noise cancelling headset designed for Unified Communication (UC) and Skype for Business (SFB) environments.Audio features include a Noise Cancelling Microphone to reduce background noise, wideband audio technology and DSP technology for better clarity.The Jab",108.00,EUR,666306,90972374
39548784,,TRAVELER'S COMPANY Notebook - Blue,"TRAVELER’S notebook Blue was released as a limited edition in 2015 and the blue color was well-received as a refreshing, new tone of TRAVELER’S notebook. Even after the conclusion of sale, so many requests were received for re-launch of blue during TRAVELER’S COMPANY events and at TRAVELER’S FACTORY",50.2,USD,4695729,61038822
13515814,Philips,Philips V Line Full HD LCD-monitor 243V7QDSB/00,V Line Full HD LCD-monitor,89.63,EUR,605933,71951492
96929485,APC,BỘ LƯU ĐIỆN UPS APC SURT20KRMXLI 20KVA,Thông số kỹ thuậtĐánh giáOutput power capacity:16.0 KWatts / 20.0 kVAMax Configurable Power (Watts):16.0 KWatts / 20.0 kVANominal Output Voltage:230VOutput Voltage Note:Configurable for 400 or 415V 3 Phase nominal output voltageOutput Voltage Distortion:Less than 5%Output Frequency (sync to mains):5,205000000,VND,280415,2214493
6555655,,G.SKILL Trident Z Neo (For AMD Ryzen) Series 16GB (2 x 8GB) 288-Pin RGB DDR4 SDRAM DDR4 3600 (PC4 28800) Desktop Memory Model F4-3600C16D-16GTZNC,VLSKU:105469DDR4 3600 (PC4 28800)Timing 18-22-22-42CAS Latency 18Voltage 1.35VCompatible with AMD Ryzen 3000 Series CPUs & AMD X570 Motherboards,154.99,CAD,2024334,58461375
80706185,,Omega Seamaster Planet Ocean Automatic Black Rubber Watch 215.92.46.22.01.004,"stainless steel case, with a black dial. Black rubber Strap. automatic movement. sapphire crystal. 45.5mmx 45.5mmx 18mm case. 22mm band width. 600 meters water resistant. Omega Seamaster Planet Ocean Automatic Black Rubber Watch 215.92.46.22.01.004 Omega has made innumerable contributions to watch-m",1.1088E4,USD,1659308,5680655
9923694,Shimano,Shimano PD-R550 SPD-SL Road Pedals Black,"Thanks to Shimano’s approach of bringing the best to the widest range of riders, the Shimano PD-R550 SPD-SL Pedals are the first truly budget-minded carbon road pedals and are the perfect set of pedals for the enthusiast road cyclist. Lightweight, stiff and value driven, these new 550s could very we",99.99,AUD,1385673,27263164
90298726,,DJI Accessory CP.MA.00000057.01 Mavic 2 Part11 Car Charger Retail,"The Mavic 2 Car Charger has a maximum output power of 80W¸ allowing you to charge batteries while driving. It features overheating protection and low-voltage protection technology to ensure a safe and reliable charge and drive.?A safe and reliable charge while driving""""",79.00,USD,697868,8713688
57644517,,"Swiss Military Hanowa Navy Flagship Quartz Watch, Blue, Day, 42 mm, 10 atm",LineNavyReference6-5161.2.04.003MovementQuartzCaliberRonda 505Case MaterialStainless steelDial colorBlueDiameter42 mmBezel FunctionHour scaleCrystalSapphireCase backScrew-downCalendar typeDayWater resistant depth10 atmBraceletStainless steelClasp typeFoldover claspWarranty2 yearsCountry of Manufactu,165.0,GBP,2682919,74270481
57812104,Swiss Military Hanowa,Relógio Swiss Military Hanowa06-5161.2.04.007 Flagship,Black & Steel Swiss Made Watch with Date,249.00,EUR,5860529,29412015
36370231,,Jabra Biz 2400 II Mono 3-in-1 Noise Canceling Mono Headset,Jabra Biz 2400 II Mono 3-in-1 Noise Canceling Mono Headset,1.2844E2,NZD,2148042,51760904
48385966,Epson,Epson C13T636800 Matte Black 700ml,C13T636800 Matte Black 700mlEpson C13T636800 Matte Black 700ml,298.00,CHF,833964,18351112
24449788,KINGSTON,Memoria Notebook Ddr4 4gb 2400mhz Kingston,,230.8,BRL,352020,93938575
97491287,,ASUS Radeon RX 5500 XT Strix Gaming OC 8GB GDDR6,,1299,PLN,1767558,38874870
73206113,Canon,Canon EF-S 55-250mm F4-5.6 STM IS Zoom Lens,Canon EF-S 55-250mm F4-5.6 STM IS Zoom Lens,449,AUD,1109911,86065131
56734705,,Venu Amoled GPS Smartwatch Black/Slate,"This GPS smartwatch features a bright, beautiful AMOLED display and a battery life of up to 5 days, so you can spend more time doing the activities you love.",649.00,NZD,982918,19735735
41298409,Corsair,Corsair Carbide Spec-Omega RGB Tempered Glass ATX Mid-Tower Computer Case - Black,"Carbide Spec-Omega RGB Tempered Glass ATX Mid-Tower Computer Case - Black. The Carbide Series SPEC-OMEGA RGB is a mid-tower PC case with striking angular looks and a unique tempered glass front and side panels, ensuring your system will always stand out. A built-in RGB LED front fascia lighting zone",87.19,USD,254664,43259056
5244749,,Sapca New Era Clean Trucker 2 NY Yankees Cap,,100,RON,78575500,2089105
45988376,,BROTHER MFC-L2710DW COMPACT LASER ALL-IN-ONE WITH DUPLEX PRINTING WITH WIRELESS NETWORKING - COPIER/FAX/PRINTER/SCANNER - 32 PPM MONO PRINT - 2400 X 600 DPI PRINT - AUTOMATIC DUPLEX PRINT - 1200 DPI OPTICAL SCAN - 250 SHEETS INPUT - ETHERNET - WIRELE,BROTHER MFC-L2710DW COMPACT LASER ALL-IN-ONE WITH DUPLEX PRINTING WITH WIRELESS NETWORKING - COPIER/FAX/PRINTER/SCANNER - 32 PPM MONO PRINT - 2400 X 600 DPI PRINT - AUTOMATIC DUPLEX PRINT - 1200 DPI OPTICAL SCAN - 250 SHEETS INPUT - ETHERNET - WIRELE,$249.99,CAD,764656,41174280
85160753,Logitech,"Logitech H650e Wired Headset, Stereo Headphones","Logitech H650e Wired Headset, Stereo HeadphonesNEWLogitech’s unified communications USB headset portfolio combines enterprise-quality audio performance with the human-centric design and user-friendly features Logitech is known for. These headsets are designed to be comfortable, stylish and intuitive",89.90,GBP,683214,10005140
93243301,,Crucial MX500 2TB 3D NAND SATA 2.5 inch 7mm (with 9.5mm adapter) Internal SSD | CT2000MX500SSD1 | Crucial UK,"Buy Crucial MX500 2TB 3D NAND SATA 2.5 inch 7mm (with 9.5mm adapter) Internal SSD CT2000MX500SSD1. FREE US Delivery, guaranteed 100% compatibility when ordering using our online tools.",212.39,GBP,70841,54362555
14200026,Intel,Intel Core i7-9700F processor 3 GHz Box 12 MB Smart Cache,8 Cores /8 Threads Up to 4.7 GHz Discrete graphics required Compatible with Intel 300 Series chipset based motherboards Bios update may be required for motherboard compatibility,26500.00,INR,779562,51385541
22134242,Maxxis,Maxxis High Roller II 27.5x2.5WT TERRA/EXO/TR Tire,"An open and aggressive tread design gives the High Roller II excellent soil penetration and mud-clearing ability. A square profile provides a solid, consistent feel across the knobs. Modified knobs on the shoulder and center improve braking performance and traction on hard surfaces. An excellent cho",$68.00,USD,729259,41132816
49412571,,Sony FE 20mm f/1.8 G,Ultra-wide-angle prime lens for Sony E-mount mirrorless cameras,898.00,USD,884409,59617619
63505292,SRAM,SRAM Disc Brake Pad Set Sintered with Steel Back,"Original equipment pads for no-compromise disc brake performance.Sintered with Steel Back fits SRAM Hydraulic Road Disc, Level Ultimate and Level TLMSpecificationsCompound:SinteredHeat Sink:NoBacking Plate Material:SteelPad Shape Number:37",25.0,USD,188533,94578154
88985066,Shimano,Shimano CN-HG901 11 Speed Chain,,85.00,NZD,1037461,46518287
82648755,,Mainboard|ASUS|AMD X470|SAM4|ATX|3xPCI-Express 2.0 1x|1xPCI-Express 2.0 16x|2xPCI-Express 3.0 16x|2xM.2|Memory DDR4|Memory slots 4|1xDVI|1xHDMI|1xAudio-In|1xAudio-Out|1xMicrophone|2xUSB 2.0|4xUSB 3.1|1xUSB type C|1xPS/2|1xRJ45|TUFX470-PLUSGAMING,AMD X470 | SAM4 | ATX | 3xPCI-Express 2.0 1x | 1xPCI-Express 2.0 16x | 2xPCI-Express 3.0 16x | 2xM.2 | DDR4 | 3200/3000/2800/2666/2400/2133 MHz | Memory slots 4 | 1xDVI | 1xHDMI | 1xAudio-In | 1xAudio-Out | 1xMicrophone | 2xUSB 2.0 | 4xUSB 3.1 | 1xUSB type C | 1xPS/2 | 1xRJ45 | USB 2.0 | USB 3.1 | S,144.21,EUR,939822,10320617
71357721,Epson,"Original Tinte Epson T7891, ca. 4.000 S., schwarz",,44.34,EUR,2484292,88555676
55005068,Audemars Piguet,Audemars Piguet Royal Oak Black Dial Men's Watch,,286189.0,HKD,31594,90806449
85557062,,Verižnik SH Dura Ace CS-9100 11P 11-25,"Shimano Dura Ace CS-R9100 Cassette 11-speed Gears to match your riding style as well as your chosen terrain with Shimano's new rider-tuned cassette sprockets. The new lightweight titanium 11-speed cassettes are available in various sprocket combinations, including the new 11-30T version. Fast, accur",188.76,EUR,75017,75242176
24647177,,CANON PFI-107 C CyaniPF680/685/780/785 130ml,,7000,RUB,1292504,16282417
69083604,,64GB MICROSDXC CANVAS SELECT 80R CL 10 UHS-I CARD + SD ADAPTER,,11.94,EUR,53163,71514700
87149858,,Manfrotto MVH500A Fluid Drag Video Head with MVT502AM Tripod and Carry Bag,1Description2Fluid Head34567891011121314Tripod legs15161718192021Padded Carry Bag22Manfrotto 500 Fluid Video HeadManfrotto Fluid Video Head Range - Tutorial VideoThe Manfrotto MVH500A Fluid Drag Video Head with MVT502AM Tripod and Carry Bag features a fluid head with a wide platform to support the H,9.479E3,ZAR,645102,91421555
51758990,,Seamaster Planet Ocean 600m Automatic Chronometer Chronograph Men's Watch,,7140,GBP,2193117,66020255
2078865,Epson,Genuine Epson C13T70314010 Black Ink Cartridge (T7031BKOEM),,31.99,GBP,2922868,17390600
189533,,XT HG95 10-Speed Chain,- 10-speed compatible- Shimano XT- 116 links,44.99,USD,107440,32292330
37708089,,Crucial 4GB 1600MHz DDR3L SO-DIMM Laptop Memory SR,"Go Faster and FurtherGo faster and further with a notebook or netbook memory upgrade from Crucial. We?ve got quality SODIMM memory for mobile systems. And because a memory upgrade is one of the easiest, most affordable ways to improve system performance, it?s the ideal solution for on the go users. ",47.15,USD,893407,33130244
67232982,,SM-SH11 CLEAT SET(SELF-ALIGNING MODE /PAIR),,30.00,USD,532781,97294565
98294313,Canon,Canon 8287B001 (PG-545) Black Cart - Remanufactured,Canon 8287B001 (PG-545) Black Cart - Remanufactured,20.31,GBP,328043,91281808
9750578,,"WD SCORPIO RED NAS WD10JFCX 1TB SATAIII/600,InteliPower, 2.5\"",9,5mm",CZ distribuce / 0718037804149 / WD10JFCX /,2402.00,CZK,1524442,41364197
92956854,Cooler Master,Cooler Master MasterBox Lite 5 ATX Case Windowed MCW-L5S3-KANN-01 | PCByte,"Motherboard compatibility :ATX, Micro-ATX, Mini-ITXEdge to edge transparent acrylic side panelExpansion slot : 7Storage slot :2x Combo 3.5",85.0,AUD,1006147,42906184
43759195,,Audio Technica ATHM50X Professional Monitor Headphones,The M-Series ATH-M40x professional monitor headphones are tuned flat for incredibly accurate audio monitoring across an extended frequency range. Your studio experience is enhanced with superior sound isolation and swiveling earcups for convenient one-ear monitoring. Engineered with pro-grade materi,149.95,USD,1889634,44737753
35626804,,DVR Standalone HIKVISION DS-7204HQHI-K1,,309,RON,708269,7993978
1901504,Hydro Flask,Hydro Flask Wide Mouth Drink Bottle - 946ml Hibiscus Flex Cap,Hydro Flask Wide Mouth Drink Bottle 946ml Hibiscus Flex Cap Available now for fast delivery. Same day dispatch. Free Shipping available. Lowest prices guaranteed.,64.00,AUD,929657,41834837
73789823,Jabra,Jabra Evolve 20SE MS Mono Headset Head-band Black,"Easy call managementGet easy access to the most used functions, such as volume and mute. You can also answer and end calls directly from the control unit.Passive Noise CancellationSimply wear the headset to eliminate high-frequency noise, such as human voicesall thanks to the specially designed ear ",46.01,GBP,1695227,36616040
91699237,,CM / CoolerMaster MasterCase H500 ARGB ATX Case with Tempered Glass (Replacement for H500 RGB) (MCM-H500-IGNN-S01),Warranty : N/A,159.00,SGD,1473407,13684723
75228614,DJI,DJI CARCHARGERMAVICAIR CAR CHARGER F/MAVIC AIR,"With theDJI Car Charger for Mavic Airyou can charge your batteries on the go, away from mains power. Using your car's 12V outlet, a single battery can be charged in approximately 48 minutes.",0.0,USD,1285552,42545635
22308275,,"Blaze 32"" 4 Burner Grill","Blaze 32"" 4 Burner GrillBlaze introduces an affordable commercial style grill that was designed with your outdoor BBQ desires in mind. Blaze gas grills feature precision cut, 304 stainless steel components which bring the promise of lasting durability to your outdoor BBQ!As of March 15, 2016 — Blaze",1849.99,USD,1435805,23836667
52588862,,T7 Portable SSD - 2TB Indigo Blue,"Light and pocket-sized, the Portable SSD T7 both delivers fast speeds and safeguards data for an easy way to store and transfer large files. Experience everyday high performance in your work and play with the T7.",639.99,NZD,1252792,72004049
30132430,,Epson atrament SPro 4900/ BI B510DN maintenance kit C13T619000,,21.6,EUR,484404,15393429
96368408,,TP-Link T1700G-28TQ JetStream 24-Port Gigabit Stack Smart Switch + 4 10GE SFP+,,1103.20,PLN,3403774,8401004
53371840,,Lexmark E260A11E Style Black Compatible Toner,"Lexmark E260A11E Style Black Compatible Toner. Low Cost, High Quality Compatible Inks & Toners from LaserInk",31.49,GBP,1913870,8105138
14517065,,CARTUCHO CANON PFI-101C CIAN IPF5000 IPF5100,CARTUCHO CANON PFI-101C CIAN IPF5000/ IPF5100/ IPF6000S/ IPF6100/ IPF6200,63.73675,EUR,1059522,625440
45136761,,Western Digital My Passport 1TB čierny (WDBYNN0010BBK-WESN),Western Digital My Passport 1TB čierny (WDBYNN0010BBK-WESN),59.70,CZK,472560,34298415
28089276,Hydro Flask,Hydro Flask Standard Mouth Drink Bottle - 621ml Black Flex Cap,Hydro Flask Standard Mouth Drink Bottle 621ml Black Flex Cap Available now for fast delivery. Same day dispatch. Free Shipping available. Lowest prices guaranteed.,49.00,AUD,1558854,10899164
60334696,,Ubiquiti Networks UniFi AC HD 1700Mbit/s Power over Ethernet (PoE) Wit WLAN toegangspunt,"Build your Wi-Fi network with the UniFi® AC HD Access Point, part of the Ubiquiti Networks® UniFi Enterprise Wi-Fi System. The UAP-AC-HD, is an indoor/outdoor, high-performance, 802.11AC Wave 2 dual-band access point, capable of throughput speeds of up to 2533 Mbps and a maximum range of up to 122 m",1.65895E3,EUR,980563,29316472
76393833,,Crucial BX500 - solid state drive - 120 GB - SATA 6Gb/s,"Ever wonder why your phone responds faster than your computer? It's because your phone runs on flash memory. Add flash to your laptop or desktop computer with the Crucial BX500 SSD, the easiest way to get all the speed of a new computer without the price. Accelerate everything.",28.99,USD,744155,70351063
70272012,Shimano,Shimano Shimano CN-HG601 11 Speed Chain,,39.99,USD,1124550,69281741
30240571,Logitech,C922 Logitech Pro Stream Full HD Webcam,C922Serious streaming webcam with hyper-fast HD 720p at 60fps Optimised for streaming and recording Full HD 1080p at 30fps / 720p at 60fps streaming Customisable background replacement Built-in mic with noise reduction Automatic low light correction,185.98,SGD,58883,45677006
43258458,,TP-Link Archer C60 AC1350 Wireless Dual Band Router,"Archer C60’s innovative design includes five antennas, three at 2.4GHz and two at 5GHz. These have been arranged alternately to optimize the dual band 802.11ac Wi-Fi, creating a transmission with maximized coverage, minimized interference.",229.00,QAR,1340990,10492407
52136092,D-LINK,D-Link Switch 24 Puertos 10/100/1Gbit w/4 Combo 1000BaseT/SFP - Red,"The DGS-1210 Series Gigabit Smart Switches with Fibre Uplinks is the latest generation of D-Link Smart Switches featuring D-Link Green 3.0 technology. The series offers a high level of energy saving and efficiency, as it also complies with the IEEE 802.3az Energy Efficient Ethernet standard. Support",149.0,,793378,65657820
75962303,,"Zebra C Series Black Monochrome Ribbon For P3xx, P4xx, P5xx printers - 1000 prints (800015-101)","Prints Per Roll: 1000 printsCompatible with: Zebra iSeries printers P310i, P320i, P330i, P330m, P420i, P430i and P520i and Zebra C Series printers",20.00,SGD,5836450,90938642
67669854,Atomos,Atomos Atomos coiled full HDMI to full HDMI cable (30-45cm),,22.95,EUR,1208546,55645617
9658895,,"XUB2792QSU-B1iiyama 27\"" ETE, ULTRA SLIM LINE, 2560x1440 WQHD, IPS, 5ms, FreeSync, 13cm height adj. stand, 350cd/m², VGA, HDMI, DisplayPort, Speakers,USB-HUB(2x3.0)",,279.46,EUR,1439932,13125570
92324489,,Garmin Fenix 5 Multisport GPS Watch,"Compact GPS Wrist Watch Designed for Adventure!Garmin's Fenix 5 MultiSport GPS Watch is a top choice whether on the trail, on a run or even just heading into the office. A bright High Resolution Color Chroma display shows all your information at a quick glance. Aside from its sleek and stylish looks",299.95,USD,139209,28125665
66264938,Fuji,Fuji Fujinon XF 23mm F1.4R,,899.99,USD,2283152,68444336
69688331,Tissot,Tissot Stainless Steel T-Sport Men's Watch - T1204071704100,The automatic choice,690.00,USD,973707,21293905
59905224,,106R01162 Toner yellow pentru Phaser 7760,"yellow, 25000p for Phaser 7760",329.33,EUR,219682,25175603
42916115,,Ubiquiti UniFi Video Camera G3-Bullet Infrared IR 1080P HD Video- 802.3af is embedded,Ubiquiti UniFi Video Camera G3-Bullet Infrared IR 1080P HD Video- 802.3af is embedded,226.55,AUD,192122,71275365
67017951,,Ubiquiti UniFi Protect Video Security,Ubiquiti's UniFi Protect offers all the flexibility one would need for their home security needs. Here's our full review.,,,1649038,73802374
95470083,TP-Link,"Omada EAP225 Outdoor, Access Point",,27335,,6665678,31785582
5483712,Samsung,Samsung SSD860 PRO series 1TB ( 560MB/s Read 530MB/s ),"SSD 860 PRO SATA III 2.5"", 1TB, V-NAND 3D",281.95,EUR,158919,9940059
31133163,,AMD CPU RYZEN 9 3900XT BOX WITHOUT COOLER,CPU AMD RYZEN 9 3900XT BOX WITHOUT COOLER,548.62,EUR,32777,13110023
25553062,RAM,"RAM Motorbike Stem 25mm (1\"") Ball (RAM-B-342U)","This part is designed to fit into the cylindrical bore wall of fork stems and will work with stems that measure from 12 - 18mm (.5\"" – .71\"") at the following intervals:MetricStandard12mm.5\""14mm.55\""16mm.63\""18mm.71\""",32.00,AUD,2039173,94367933
92333161,,"Samsung T7 Touch Portable SSD 1TB,USB3.2, Type-C, R/W(Max) 1,050MB/s, Aluminium Case, Fingerprint...","Mpn: MU-PC1T0K/WWVendor: SAMSUNGSamsung T7 Touch Portable SSD 1TB,USB3.2, Type-C, R/W(Max) 1,050MB/s, Aluminium Case, Fingerprint Password Security, Black, 3 Years WarrantyFingerprint SecurityRead up to 1,050 MB/sec Seq. Write up to 1,000 MB/sec Seq.USB 3.2Shock Resistant",291.00,AUD,1458655,87567643
17111827,,Maxxis Assegai Folding Tyre - All Sizes 27.5 x 2.5 WT 3C MT EXO+,,,,275948,7114245
7781722,RAM Mount,RAM Mount Dual Suction Cup Base with with Universal AMPs Hole Pattern,RAM Mount Dual Suction Cup Base with with Universal AMPs Hole PatternThe RAM-B-189BU is a dual suction base that will allow you to mount a range of compatible RAM components (sold separately) onto a suction-compatible surface.What you get:1 x RAM Double Suction Cup Base with Universal AMPs Hole Patt,60.00,AUD,4656590,80380534
41616522,,TP-Link EAP225-Outdoor Wireless-AC1200 MU-MIMO Gigabit Indoor/Outdoor Access Point (Warranty 3years with TPLink SG),Warranty : 3 Years with TP Link,169.00,SGD,233795,36061219
73147765,,DISCO DURO EXT USB3.0 2.54TB WD MY PASSPORT NEGRO,"Western Digital My Passport 4TB, Unidad de disco duro, 3.0 (3.1 Gen 1), Micro-USB B, Windows 10 Education, Windows 10 Education x64, Windows 10 Enterprise, Windows 10 Enterprise x64, Wi, 256-bit AES, Negro",127.56,EUR,3880206,16338439
24503885,Shimano,Shimano Deore XT Shadow+ RD-M786 3x10 Long MTB Rear Derailleur Black,Features• 10-speed Dyna-Sys system design for consistent shift effort through all positions • Advanced Light Action provides smooth and effortless shifting for long term riding • Shadow+ stabilizer adjusts the spring resistance against the chain for normal riding and rough riding conditions • Low pr,192.99,AUD,2738637,19543686
56902092,Jabra,Jabra BIZ 2400 II DQ Duo NC WB Corded Headset,,209,USD,472648,30633820
47393203,,Corsair VENGEANCE LPX 32GB (2 x 16GB) DDR4 2666MHz CL16 RAM - CMK32GX4M2A2666C16,Corsair VENGEANCE LPX 32GB (2 x 16GB) DDR4 DRAM 2666MHz CL16 Memory Kit - Black - (CMK32GX4M2A2666C16),166.99,CAD,861125,18159593
94886095,,"5 Burner Blaze LTE Grill with Lights (40\"") - LP","5 Burner Blaze LTE Grill with Lights (40\"")",2.19999E3,USD,4825180,58597448
29871538,Evans,Evans EC2S Series Clear Two-Ply Drumheads | 8 Inch,"Evans EC2S series features two plies of 7mil film with optimized attack, tone, length of sustain and ease of tuning for each size head. The Sound Shaping Technology (SST) Edge Control ring mounted on the underside delivers an extremely well balanced and pre-EQ'd sound across the full kit by varying ",17.66,USD,2453362,88973968
84550965,,Evolis Zenius & Primacy Black Printer Ribbon RCT023NAA,Evolis Zenius 2 and Primacy Black Monochrome ribbon.2000 prints per roll.Use with Evolis Zenius 2 ID Card printers.Minimum purchase of 3 ribbons.,19.95,USD,1794890,45620476
14287942,Omega,Planet Ocean 600M Omega Co-Axial Chronograph 45.5mm 232.30.46.51.01.002,"Planet Ocean 600M Omega Co-Axial Chronograph 45.5mm It was with OMEGA's maritime legacy in mind that the brand launched its Planet Ocean line in 2005. The stylish OMEGA Seamaster Planet Ocean 600M pays homage to OMEGA's dive watch heritage.This model, with its scratch-resistant sapphire crystal, fea",8000,USD,5409130,25758185
34072942,,LaCie Rugged Thunderbolt USB-C 4TB,,,,1073295,22745274
34840580,,WS-C2960L-16TS-LL Cisco Catalyst 2960L Network Switch (Refurb),"REFURBISHED - Cisco 2960L Ethernet Switch - 16 x 10/100/1000 Ethernet Ports, 2 x SFP Uplink - Fanless (WS-C2960L 16TS LL)",277.00,USD,2751694,27210717
54726010,ASUS,"ASUS AM4 TUF Gaming X570-Plus ATX Motherboard with PCIe 4.0, Dual M.2, 12+2 with Dr. MOS Power Stage, HDMI, DP, SATA 6Gb/s, USB 3.2 Gen 2 and Aura Sync RGB Lighting","Powered by AMD Ryzen 2nd and 3rd AM4 processors, the ASUS TUF Gaming x570-plus delivers 24/7 performance. Unleash your system's full potential with military-grade TUF components, while personalizing your build with AURA Sync lighting. Integrated dual M. 2, Gigabit LAN and USB 3. 2 Gen2 deliver maxim",189.99,USD,617064,10155621
47836060,Samsung,"Samsung Curved Monitor C27F390FHU LED »68,6 cm (27), Full HD, 1920 x 1080«",,159.00,EUR,709380,21918296
25695113,,"UVC-G4-PROUbiquiti Professional Indoor/Outdoor, 4K Video, 3x Optical Zoom, and POE support",,3.05,GHS,788533,72029794
39609812,,"BenQ 27 inch 4K PhotoVue Photographer Monitor (SW271), 3840x2160 UHD, HDR, 99% Adobe RGB, 100% sRGB, Rec.709, DCI-P3 Colour Space, Hardware Calibration, IPS,14-bit 3D LUT, GamutDuo, USB-C, DP, HDMI","AQCOLOR Technology : 99% Adobe RGB coverage, hardware calibration support for accurate colours for photography High Dynamic Range (HDR): for sharpened brightness and incredible details Hardware Calibration with Palette Master Element Software : Tune and maintain the colour performance of the monitor",,,466745,42191064
27174300,ASUS,ASUS NVIDIA GeForce GTX 1660 6GB Dual EVO OC Edition Turing Graphics Card,"ASUS GeForce GTX 1660 DUAL EVO OC 6GB GDDR5 VR Ready Graphics Card, 1408 Core, 1500MHz GPU, 1845MHz Boost",224.99,GBP,742606,1425916
10096449,Hydro Flask,21 oz Standard Mouth Water Bottle,"Your perfect travel companion.Keep life moving with our 21 oz bottle and Standard Flex Cap. It stashes easily into a small shoulder bag, your pack’s side pocket, or your car cup holder, and holds enough ice cold goodness to keep you going for hours without weighing you down. No wonder it's one of ou",32.95,USD,1446023,28179113
13856689,Seagate,"Seagate FireCuda Gaming SSHD 2TB 3.5\"" 7200RPM 64MB SATA3 ST2000DX002","Seagate FireCuda Gaming SSHD 2TB 3.5\"" 7200RPM 64MB Cache Sata 3 Sabit Disk ST2000DX0022Tb 7200Rpm Sata3 64Mb SshdKapasite2 TbForm Faktr (Inch)3,5Dn Hz (Rpm)7200,0ArabirimSata 6.0Gb/SKapasite (Gb)2000n Bellek (Mb)64,0Sat Garanti Sresi (Ay)24Balant TipiSata 3Cache Bellek64 MBDisk Boyutu3,5 inDn Hz720",,,665327,30523276
10409666,,Canon EF-M 18-150mm f/3.5-6.3 IS STM Lens - Graphite,"A versatile mirrorless zoom lens for shooting sharp images and movies in smooth, quiet focus",519.0,EUR,3160384,65837617
28064033,,Diver 300M 42mm STEEL SEDNA GOLD ON STEEL SEDNA GOLD 210.20.42.20.03.002,,62488,TRY,52358297,49769546
41707094,,Royal Oak Offshore Chronograph Rose Gold 26470OR.OO.1000OR.02,"UNWORNAudemars Piguet Royal Oak Offshore Chronograph Rose Gold 26470OR.OO.1000OR.02. 42mm 18ct rose gold case, fixed 18ct rose gold bezel, grey ruthenium-toneddial featuring “grand tappiserie” pattern and a date indicator at 3 o’clock, automatic movement with chronograph function, on an 18ct rose go",47995,GBP,14143134,15071592
79599413,EPSON,"EPSON Multipack fr EPSON Stylus Photo R200 / R300 Inhalt: je 1x light cyan, cyan, light magenta, magenta, gelb, schwarz (neu: C13T04874010 / alt: C13T048140A0) R220 / R320 / R340 / RX500 / RX600 / RX620 / RX640",,99.41,,2334631,25641839
25097962,,Impresora brother hl-l8360cdw laser color 31 ppm / 15 ppm bandeja entrada 250h wifi,Impresora brother hl-l8360cdw laser color 31 ppm / 15 ppm bandeja entrada 250h wifi,350.17,EUR,323596,80212720
14986077,,TAG Heuer Calibre 16 – Automatic Chronograph,Calibre 16 – Automatic Chronograph,4.15E3,USD,37455178,65070903
75910021,,TP-LINK - 300Mbps Access Point,TP-LINK 300Mbps Access Point (EAP110) - Hastighet: 300Mbps - Type: Aksesspunkt,551.00,NOK,2124537,15529664
47322028,Corsair,Corsair Vengeance Lpx 16 Gb (2x8 Gb) Ddr4 Dram Dimm 3200 M Hz C16 Black Heat Spreader,Designed for high-performance overclocking on Intel 100 Series motherboardsVengeance LPX memory i...,0.0,AUD,760884,26140067
19945710,,Epson 29 (T2982) Inktcartridge Cyaan,Epson inkjet T2982 Cyaan 3.2 ml,8.3E0,EUR,217603,13899039
68956375,ASUS,Asus DUAL-GTX1660S-O6G-EVO 6GB 192Bit GDDR6,Bus YapsPCI Express x16Chipset reticisiNvidiaBellek TeknolojisiGDDR6GPU Standart1530 MHzBellek Hz14 GbpsBellek6 GBznrlk7680*4320StandartlarOpen GL 4.6StandartlarMicrosoft DirectX 12StandartlarPCI Express 3.0Garanti Sresi36 AyBellek Arayz192 BitFan2 AdetLow ProfileHayrPort-DVI1Port-DP1Port-DSUBYokPor,,,964313,75223780
37122066,,1 Set D'Addario EJ16 Guitar Strings Light EJ16,1 Set D'Addario EJ16 Guitar Strings Light EJ16,7.92,USD,1297798,81830866
29862936,SanDisk,"SanDisk iXpand Flash Drive 64GB for iPhone and iPad, Black/Silver, (SDIX30N-064G-GN6NN)","SanDisk iXpand Flash Drive 64GB for iPhone and iPad, Black/Silver, (SDIX30N-064G-GN6NN)Designed with a flexible connector to fit through most iPhone cases. Automatically back up photos and videos from your camera, contacts. Quickly free up space on your iPhone (iPhone 5, iPhone 5c, iPhone 5s, iPhone",50.99,USD,279041,65504542
38128607,Sandisk,Sandisk USB Flash 64GB Cruzer Glide 2.0/3.0,,28.90,EUR,763994,72955297
5062948,,"Life Extension, Super Ubiquinol CoQ10 with Enhanced Mitochondrial Support, 100 mg, 60 Softgels",,2297.17,PHP,187912,12706433
